DEPTH = 8192;
WIDTH = 8;
ADDRESS_RADIX = HEX;
DATA_RADIX = HEX;
CONTENT
BEGIN
00000000 : C3;
00000001 : 69;
00000002 : 00;
00000003 : CD;
00000004 : 3C;
00000005 : 01;
00000006 : 3E;
00000007 : C3;
00000008 : 32;
00000009 : 00;
0000000A : 00;
0000000B : 21;
0000000C : 00;
0000000D : F8;
0000000E : 22;
0000000F : 01;
00000010 : 00;
00000011 : CD;
00000012 : 2F;
00000013 : 00;
00000014 : 21;
00000015 : 00;
00000016 : E8;
00000017 : C3;
00000018 : 94;
00000019 : 02;
0000001A : 21;
0000001B : 00;
0000001C : F8;
0000001D : C3;
0000001E : 94;
0000001F : 02;
00000020 : 21;
00000021 : 00;
00000022 : A0;
00000023 : 11;
00000024 : 00;
00000025 : 20;
00000026 : 01;
00000027 : 00;
00000028 : 60;
00000029 : CD;
0000002A : 5E;
0000002B : 00;
0000002C : C3;
0000002D : 06;
0000002E : 00;
0000002F : 01;
00000030 : D7;
00000031 : 07;
00000032 : CD;
00000033 : 4C;
00000034 : 05;
00000035 : C3;
00000036 : 39;
00000037 : 00;
00000038 : C9;
00000039 : 11;
0000003A : 00;
0000003B : F0;
0000003C : 21;
0000003D : 00;
0000003E : 80;
0000003F : 01;
00000040 : 00;
00000041 : 10;
00000042 : CD;
00000043 : 5E;
00000044 : 00;
00000045 : 21;
00000046 : 9F;
00000047 : 09;
00000048 : 11;
00000049 : 00;
0000004A : E8;
0000004B : 01;
0000004C : 61;
0000004D : 06;
0000004E : CD;
0000004F : 5E;
00000050 : 00;
00000051 : 21;
00000052 : 00;
00000053 : 00;
00000054 : 39;
00000055 : 22;
00000056 : E1;
00000057 : FF;
00000058 : 3E;
00000059 : 01;
0000005A : 32;
0000005B : F7;
0000005C : EF;
0000005D : C9;
0000005E : 7E;
0000005F : 12;
00000060 : 23;
00000061 : 13;
00000062 : 0B;
00000063 : 78;
00000064 : B1;
00000065 : C2;
00000066 : 5E;
00000067 : 00;
00000068 : C9;
00000069 : 3E;
0000006A : 30;
0000006B : D3;
0000006C : 08;
0000006D : 3E;
0000006E : 70;
0000006F : D3;
00000070 : 08;
00000071 : 3E;
00000072 : B0;
00000073 : D3;
00000074 : 08;
00000075 : AF;
00000076 : D3;
00000077 : 11;
00000078 : 3E;
00000079 : 8A;
0000007A : D3;
0000007B : 00;
0000007C : 3E;
0000007D : FD;
0000007E : D3;
0000007F : 03;
00000080 : DB;
00000081 : 02;
00000082 : 0F;
00000083 : 0F;
00000084 : D2;
00000085 : 84;
00000086 : 03;
00000087 : 0F;
00000088 : D2;
00000089 : 7A;
0000008A : 05;
0000008B : 0F;
0000008C : D2;
0000008D : 29;
0000008E : 08;
0000008F : 0F;
00000090 : D2;
00000091 : F1;
00000092 : 08;
00000093 : 0F;
00000094 : D2;
00000095 : 57;
00000096 : 01;
00000097 : 0F;
00000098 : D2;
00000099 : 66;
0000009A : 07;
0000009B : 0F;
0000009C : D2;
0000009D : 6B;
0000009E : 07;
0000009F : 3E;
000000A0 : FB;
000000A1 : D3;
000000A2 : 03;
000000A3 : DB;
000000A4 : 02;
000000A5 : 3C;
000000A6 : CA;
000000A7 : E2;
000000A8 : 00;
000000A9 : 3D;
000000AA : 47;
000000AB : 37;
000000AC : 1F;
000000AD : DA;
000000AE : AC;
000000AF : 00;
000000B0 : 3C;
000000B1 : 31;
000000B2 : FF;
000000B3 : 9F;
000000B4 : C2;
000000B5 : 06;
000000B6 : 00;
000000B7 : 78;
000000B8 : FE;
000000B9 : F7;
000000BA : CA;
000000BB : 1A;
000000BC : 00;
000000BD : FE;
000000BE : FE;
000000BF : CA;
000000C0 : 03;
000000C1 : 00;
000000C2 : 32;
000000C3 : 61;
000000C4 : EE;
000000C5 : FE;
000000C6 : FD;
000000C7 : CA;
000000C8 : 06;
000000C9 : 00;
000000CA : FE;
000000CB : FB;
000000CC : CA;
000000CD : 11;
000000CE : 00;
000000CF : FE;
000000D0 : BF;
000000D1 : CA;
000000D2 : 00;
000000D3 : 11;
000000D4 : 31;
000000D5 : FF;
000000D6 : 1F;
000000D7 : FE;
000000D8 : EF;
000000D9 : CA;
000000DA : 20;
000000DB : 00;
000000DC : 31;
000000DD : FF;
000000DE : 9F;
000000DF : C3;
000000E0 : 06;
000000E1 : 00;
000000E2 : 31;
000000E3 : F0;
000000E4 : DC;
000000E5 : CD;
000000E6 : 6F;
000000E7 : 05;
000000E8 : CD;
000000E9 : 99;
000000EA : 06;
000000EB : CA;
000000EC : 57;
000000ED : 01;
000000EE : 21;
000000EF : 00;
000000F0 : 01;
000000F1 : 22;
000000F2 : D5;
000000F3 : DE;
000000F4 : 21;
000000F5 : 10;
000000F6 : FF;
000000F7 : 0E;
000000F8 : 10;
000000F9 : 7E;
000000FA : B7;
000000FB : CA;
000000FC : 13;
000000FD : 01;
000000FE : CD;
000000FF : 1A;
00000100 : 01;
00000101 : 23;
00000102 : 0D;
00000103 : C2;
00000104 : F9;
00000105 : 00;
00000106 : CD;
00000107 : B0;
00000108 : 06;
00000109 : CA;
0000010A : 13;
0000010B : 01;
0000010C : 11;
0000010D : 10;
0000010E : 00;
0000010F : 19;
00000110 : C3;
00000111 : F7;
00000112 : 00;
00000113 : 50;
00000114 : 21;
00000115 : 00;
00000116 : 01;
00000117 : C3;
00000118 : 94;
00000119 : 02;
0000011A : F5;
0000011B : E5;
0000011C : 32;
0000011D : D3;
0000011E : DE;
0000011F : 3E;
00000120 : 01;
00000121 : 32;
00000122 : D4;
00000123 : DE;
00000124 : F5;
00000125 : CD;
00000126 : C7;
00000127 : 06;
00000128 : F1;
00000129 : 2A;
0000012A : D5;
0000012B : DE;
0000012C : 11;
0000012D : 80;
0000012E : 00;
0000012F : 19;
00000130 : 22;
00000131 : D5;
00000132 : DE;
00000133 : 3C;
00000134 : FE;
00000135 : 09;
00000136 : C2;
00000137 : 21;
00000138 : 01;
00000139 : E1;
0000013A : F1;
0000013B : C9;
0000013C : DB;
0000013D : 01;
0000013E : E6;
0000013F : 40;
00000140 : C8;
00000141 : E1;
00000142 : 11;
00000143 : 00;
00000144 : 00;
00000145 : 01;
00000146 : 00;
00000147 : 10;
00000148 : D5;
00000149 : D5;
0000014A : D5;
0000014B : D5;
0000014C : D5;
0000014D : D5;
0000014E : D5;
0000014F : D5;
00000150 : 0B;
00000151 : 78;
00000152 : B1;
00000153 : C2;
00000154 : 48;
00000155 : 01;
00000156 : E9;
00000157 : 31;
00000158 : FF;
00000159 : 9F;
0000015A : 3E;
0000015B : D8;
0000015C : D3;
0000015D : 1B;
0000015E : 3D;
0000015F : C2;
00000160 : 5E;
00000161 : 01;
00000162 : D3;
00000163 : 19;
00000164 : E3;
00000165 : E3;
00000166 : DB;
00000167 : 19;
00000168 : B7;
00000169 : C2;
0000016A : 06;
0000016B : 00;
0000016C : 3E;
0000016D : 55;
0000016E : D3;
0000016F : 19;
00000170 : E3;
00000171 : E3;
00000172 : DB;
00000173 : 19;
00000174 : FE;
00000175 : 55;
00000176 : C2;
00000177 : 06;
00000178 : 00;
00000179 : CD;
0000017A : 3C;
0000017B : 01;
0000017C : CD;
0000017D : 2F;
0000017E : 00;
0000017F : CD;
00000180 : 2D;
00000181 : F8;
00000182 : 21;
00000183 : 56;
00000184 : 03;
00000185 : CD;
00000186 : 18;
00000187 : F8;
00000188 : 21;
00000189 : 00;
0000018A : 00;
0000018B : 3E;
0000018C : 34;
0000018D : D3;
0000018E : 1C;
0000018F : 32;
00000190 : F0;
00000191 : 10;
00000192 : DB;
00000193 : 1B;
00000194 : 07;
00000195 : D2;
00000196 : A1;
00000197 : 01;
00000198 : 2B;
00000199 : 7C;
0000019A : B5;
0000019B : C2;
0000019C : 8B;
0000019D : 01;
0000019E : C3;
0000019F : FA;
000001A0 : 02;
000001A1 : 3E;
000001A2 : 03;
000001A3 : CD;
000001A4 : 78;
000001A5 : 02;
000001A6 : 3E;
000001A7 : 02;
000001A8 : D3;
000001A9 : 18;
000001AA : 3E;
000001AB : 13;
000001AC : CD;
000001AD : 78;
000001AE : 02;
000001AF : 21;
000001B0 : FA;
000001B1 : 10;
000001B2 : 01;
000001B3 : 03;
000001B4 : 01;
000001B5 : 3E;
000001B6 : C0;
000001B7 : D3;
000001B8 : 1B;
000001B9 : DB;
000001BA : 1B;
000001BB : 0F;
000001BC : D2;
000001BD : B9;
000001BE : 01;
000001BF : CD;
000001C0 : BC;
000001C1 : 02;
000001C2 : 3A;
000001C3 : FA;
000001C4 : 10;
000001C5 : B7;
000001C6 : CA;
000001C7 : EE;
000001C8 : 02;
000001C9 : FE;
000001CA : 03;
000001CB : D2;
000001CC : EE;
000001CD : 02;
000001CE : EE;
000001CF : 03;
000001D0 : 32;
000001D1 : FA;
000001D2 : 10;
000001D3 : 3E;
000001D4 : 03;
000001D5 : CD;
000001D6 : 78;
000001D7 : 02;
000001D8 : 3E;
000001D9 : 01;
000001DA : D3;
000001DB : 19;
000001DC : 21;
000001DD : 00;
000001DE : 11;
000001DF : CD;
000001E0 : A9;
000001E1 : 02;
000001E2 : 11;
000001E3 : 00;
000001E4 : 10;
000001E5 : 21;
000001E6 : 00;
000001E7 : 11;
000001E8 : 01;
000001E9 : 1F;
000001EA : 66;
000001EB : 7E;
000001EC : 12;
000001ED : 80;
000001EE : 47;
000001EF : 23;
000001F0 : 13;
000001F1 : 0D;
000001F2 : C2;
000001F3 : EB;
000001F4 : 01;
000001F5 : 96;
000001F6 : C2;
000001F7 : E8;
000001F8 : 02;
000001F9 : 21;
000001FA : 04;
000001FB : 10;
000001FC : 7E;
000001FD : 23;
000001FE : B6;
000001FF : CA;
00000200 : E8;
00000201 : 02;
00000202 : 21;
00000203 : 00;
00000204 : 11;
00000205 : 3A;
00000206 : 0C;
00000207 : 10;
00000208 : 57;
00000209 : 3E;
0000020A : 01;
0000020B : D3;
0000020C : 19;
0000020D : CD;
0000020E : A9;
0000020F : 02;
00000210 : DB;
00000211 : 19;
00000212 : 3C;
00000213 : D3;
00000214 : 19;
00000215 : E5;
00000216 : 21;
00000217 : 04;
00000218 : 10;
00000219 : 7E;
0000021A : D6;
0000021B : 01;
0000021C : 77;
0000021D : 23;
0000021E : 7E;
0000021F : DE;
00000220 : 00;
00000221 : 77;
00000222 : E1;
00000223 : DA;
00000224 : 53;
00000225 : 02;
00000226 : 15;
00000227 : C2;
00000228 : 0D;
00000229 : 02;
0000022A : 3A;
0000022B : 0B;
0000022C : 10;
0000022D : B7;
0000022E : CA;
0000022F : 3E;
00000230 : 02;
00000231 : 3A;
00000232 : F0;
00000233 : 10;
00000234 : EE;
00000235 : 04;
00000236 : 32;
00000237 : F0;
00000238 : 10;
00000239 : E6;
0000023A : 04;
0000023B : CA;
0000023C : 05;
0000023D : 02;
0000023E : DB;
0000023F : 1A;
00000240 : 5F;
00000241 : 3A;
00000242 : FA;
00000243 : 10;
00000244 : 83;
00000245 : D3;
00000246 : 18;
00000247 : 3E;
00000248 : 13;
00000249 : CD;
0000024A : 78;
0000024B : 02;
0000024C : 7B;
0000024D : 3C;
0000024E : D3;
0000024F : 1A;
00000250 : C3;
00000251 : 05;
00000252 : 02;
00000253 : 44;
00000254 : 4D;
00000255 : 2A;
00000256 : 00;
00000257 : 10;
00000258 : 11;
00000259 : 80;
0000025A : 11;
0000025B : 3E;
0000025C : 03;
0000025D : CD;
0000025E : 78;
0000025F : 02;
00000260 : CD;
00000261 : 69;
00000262 : 02;
00000263 : 21;
00000264 : 00;
00000265 : 00;
00000266 : C3;
00000267 : 94;
00000268 : 02;
00000269 : 1A;
0000026A : 77;
0000026B : 23;
0000026C : 7B;
0000026D : B9;
0000026E : C2;
0000026F : 74;
00000270 : 02;
00000271 : 7A;
00000272 : B8;
00000273 : C8;
00000274 : 13;
00000275 : C3;
00000276 : 69;
00000277 : 02;
00000278 : CD;
00000279 : DA;
0000027A : 02;
0000027B : D3;
0000027C : 1B;
0000027D : 3A;
0000027E : F0;
0000027F : 10;
00000280 : D3;
00000281 : 1C;
00000282 : DB;
00000283 : 1B;
00000284 : 0F;
00000285 : D2;
00000286 : 7D;
00000287 : 02;
00000288 : 3A;
00000289 : F0;
0000028A : 10;
0000028B : D3;
0000028C : 1C;
0000028D : DB;
0000028E : 1B;
0000028F : 0F;
00000290 : DA;
00000291 : 88;
00000292 : 02;
00000293 : C9;
00000294 : DB;
00000295 : 01;
00000296 : E6;
00000297 : 80;
00000298 : CA;
00000299 : 00;
0000029A : 00;
0000029B : E5;
0000029C : 21;
0000029D : 00;
0000029E : C3;
0000029F : E5;
000002A0 : 21;
000002A1 : DB;
000002A2 : 0F;
000002A3 : E5;
000002A4 : 21;
000002A5 : 00;
000002A6 : 00;
000002A7 : 39;
000002A8 : E9;
000002A9 : 01;
000002AA : 03;
000002AB : 08;
000002AC : 22;
000002AD : F1;
000002AE : 10;
000002AF : CD;
000002B0 : DA;
000002B1 : 02;
000002B2 : 3E;
000002B3 : 80;
000002B4 : D3;
000002B5 : 1B;
000002B6 : DB;
000002B7 : 1B;
000002B8 : 0F;
000002B9 : D2;
000002BA : B6;
000002BB : 02;
000002BC : 2B;
000002BD : 7E;
000002BE : 77;
000002BF : 23;
000002C0 : DB;
000002C1 : 1B;
000002C2 : A1;
000002C3 : E2;
000002C4 : C0;
000002C5 : 02;
000002C6 : DB;
000002C7 : 18;
000002C8 : C2;
000002C9 : BE;
000002CA : 02;
000002CB : DB;
000002CC : 1B;
000002CD : B7;
000002CE : C8;
000002CF : 2A;
000002D0 : F1;
000002D1 : 10;
000002D2 : 05;
000002D3 : C2;
000002D4 : AC;
000002D5 : 02;
000002D6 : E1;
000002D7 : C3;
000002D8 : F4;
000002D9 : 02;
000002DA : F5;
000002DB : 3A;
000002DC : F0;
000002DD : 10;
000002DE : D3;
000002DF : 1C;
000002E0 : DB;
000002E1 : 1B;
000002E2 : 07;
000002E3 : DA;
000002E4 : DB;
000002E5 : 02;
000002E6 : F1;
000002E7 : C9;
000002E8 : 21;
000002E9 : 40;
000002EA : 03;
000002EB : C3;
000002EC : FD;
000002ED : 02;
000002EE : 21;
000002EF : 2E;
000002F0 : 03;
000002F1 : C3;
000002F2 : FD;
000002F3 : 02;
000002F4 : 21;
000002F5 : 1E;
000002F6 : 03;
000002F7 : C3;
000002F8 : FD;
000002F9 : 02;
000002FA : 21;
000002FB : 10;
000002FC : 03;
000002FD : CD;
000002FE : 18;
000002FF : F8;
00000300 : 21;
00000301 : 6F;
00000302 : 03;
00000303 : CD;
00000304 : 18;
00000305 : F8;
00000306 : DB;
00000307 : 01;
00000308 : E6;
00000309 : 20;
0000030A : C2;
0000030B : 06;
0000030C : 03;
0000030D : C3;
0000030E : 57;
0000030F : 01;
00000310 : 0A;
00000311 : 0A;
00000312 : 0D;
00000313 : 6E;
00000314 : E5;
00000315 : F4;
00000316 : 20;
00000317 : E4;
00000318 : E9;
00000319 : F3;
0000031A : EB;
0000031B : E1;
0000031C : 2E;
0000031D : 00;
0000031E : 0A;
0000031F : 0A;
00000320 : 0D;
00000321 : 73;
00000322 : E2;
00000323 : EF;
00000324 : EA;
00000325 : 20;
00000326 : FE;
00000327 : F4;
00000328 : E5;
00000329 : EE;
0000032A : E9;
0000032B : F1;
0000032C : 2E;
0000032D : 00;
0000032E : 0A;
0000032F : 0A;
00000330 : 0D;
00000331 : 6F;
00000332 : FB;
00000333 : E9;
00000334 : E2;
00000335 : EB;
00000336 : E1;
00000337 : 20;
00000338 : F0;
00000339 : EF;
0000033A : E9;
0000033B : F3;
0000033C : EB;
0000033D : E1;
0000033E : 2E;
0000033F : 00;
00000340 : 0A;
00000341 : 0A;
00000342 : 0D;
00000343 : 6E;
00000344 : E5;
00000345 : 20;
00000346 : F3;
00000347 : E9;
00000348 : F3;
00000349 : F4;
0000034A : E5;
0000034B : ED;
0000034C : EE;
0000034D : F9;
0000034E : EA;
0000034F : 20;
00000350 : E4;
00000351 : E9;
00000352 : F3;
00000353 : EB;
00000354 : 2E;
00000355 : 00;
00000356 : 0C;
00000357 : 0A;
00000358 : 0D;
00000359 : 7A;
0000035A : E1;
0000035B : E7;
0000035C : F2;
0000035D : F5;
0000035E : FA;
0000035F : EB;
00000360 : E1;
00000361 : 20;
00000362 : F3;
00000363 : 20;
00000364 : E4;
00000365 : E9;
00000366 : F3;
00000367 : EB;
00000368 : EF;
00000369 : F7;
0000036A : EF;
0000036B : E4;
0000036C : E1;
0000036D : 2E;
0000036E : 00;
0000036F : 0A;
00000370 : 0D;
00000371 : 07;
00000372 : 3C;
00000373 : 73;
00000374 : 73;
00000375 : 3E;
00000376 : 20;
00000377 : 2D;
00000378 : 20;
00000379 : F0;
0000037A : EF;
0000037B : F7;
0000037C : F4;
0000037D : EF;
0000037E : F2;
0000037F : E9;
00000380 : F4;
00000381 : F8;
00000382 : 2E;
00000383 : 00;
00000384 : 31;
00000385 : F0;
00000386 : DC;
00000387 : CD;
00000388 : 3C;
00000389 : 01;
0000038A : CD;
0000038B : 3F;
0000038C : 05;
0000038D : 11;
0000038E : AA;
0000038F : 55;
00000390 : 01;
00000391 : 00;
00000392 : 00;
00000393 : D5;
00000394 : E1;
00000395 : 7D;
00000396 : 2F;
00000397 : BC;
00000398 : C2;
00000399 : 93;
0000039A : 03;
0000039B : 11;
0000039C : 09;
0000039D : 00;
0000039E : 60;
0000039F : 6A;
000003A0 : CD;
000003A1 : 7F;
000003A2 : 04;
000003A3 : 2D;
000003A4 : 36;
000003A5 : FF;
000003A6 : 19;
000003A7 : 36;
000003A8 : FF;
000003A9 : 2C;
000003AA : 36;
000003AB : 81;
000003AC : 04;
000003AD : C2;
000003AE : 9E;
000003AF : 03;
000003B0 : 26;
000003B1 : 80;
000003B2 : 16;
000003B3 : 2D;
000003B4 : 01;
000003B5 : 0F;
000003B6 : 08;
000003B7 : CD;
000003B8 : 04;
000003B9 : 04;
000003BA : C3;
000003BB : 23;
000003BC : 08;
000003BD : 3A;
000003BE : F6;
000003BF : DE;
000003C0 : 3D;
000003C1 : C2;
000003C2 : C0;
000003C3 : 03;
000003C4 : DB;
000003C5 : 01;
000003C6 : E6;
000003C7 : 10;
000003C8 : 5F;
000003C9 : C9;
000003CA : CD;
000003CB : B7;
000003CC : 04;
000003CD : 57;
000003CE : B7;
000003CF : 1F;
000003D0 : 5F;
000003D1 : 82;
000003D2 : 67;
000003D3 : CD;
000003D4 : B7;
000003D5 : 04;
000003D6 : BC;
000003D7 : DA;
000003D8 : CD;
000003D9 : 03;
000003DA : 82;
000003DB : F5;
000003DC : 3E;
000003DD : 02;
000003DE : 3C;
000003DF : EA;
000003E0 : EA;
000003E1 : 03;
000003E2 : F1;
000003E3 : 5F;
000003E4 : B7;
000003E5 : 1F;
000003E6 : B7;
000003E7 : 1F;
000003E8 : 83;
000003E9 : F5;
000003EA : F1;
000003EB : 32;
000003EC : F6;
000003ED : DE;
000003EE : 1E;
000003EF : 0C;
000003F0 : 3E;
000003F1 : 08;
000003F2 : CD;
000003F3 : 04;
000003F4 : 05;
000003F5 : FE;
000003F6 : 55;
000003F7 : CA;
000003F8 : FF;
000003F9 : 03;
000003FA : FE;
000003FB : AA;
000003FC : C2;
000003FD : CA;
000003FE : 03;
000003FF : 1D;
00000400 : C2;
00000401 : F0;
00000402 : 03;
00000403 : C9;
00000404 : CD;
00000405 : CA;
00000406 : 03;
00000407 : CD;
00000408 : E2;
00000409 : 04;
0000040A : 5F;
0000040B : 7E;
0000040C : FE;
0000040D : 00;
0000040E : C2;
0000040F : 07;
00000410 : 04;
00000411 : 21;
00000412 : F1;
00000413 : DE;
00000414 : 7E;
00000415 : 2B;
00000416 : BE;
00000417 : C2;
00000418 : 04;
00000419 : 04;
0000041A : 57;
0000041B : 2B;
0000041C : 46;
0000041D : CD;
0000041E : E2;
0000041F : 04;
00000420 : F5;
00000421 : 7E;
00000422 : FE;
00000423 : 00;
00000424 : CA;
00000425 : 59;
00000426 : 04;
00000427 : 87;
00000428 : 87;
00000429 : 87;
0000042A : 87;
0000042B : 87;
0000042C : 4F;
0000042D : F1;
0000042E : 23;
0000042F : 7E;
00000430 : BB;
00000431 : C2;
00000432 : 2B;
00000433 : 00;
00000434 : D5;
00000435 : C5;
00000436 : 23;
00000437 : 11;
00000438 : 7E;
00000439 : 20;
0000043A : 7E;
0000043B : 02;
0000043C : AE;
0000043D : 77;
0000043E : 23;
0000043F : 0C;
00000440 : 15;
00000441 : C2;
00000442 : 3A;
00000443 : 04;
00000444 : C1;
00000445 : 69;
00000446 : 60;
00000447 : CD;
00000448 : 7F;
00000449 : 04;
0000044A : 73;
0000044B : D1;
0000044C : CD;
0000044D : 6E;
0000044E : 04;
0000044F : CA;
00000450 : 1D;
00000451 : 04;
00000452 : 7A;
00000453 : FE;
00000454 : 01;
00000455 : C2;
00000456 : 1D;
00000457 : 04;
00000458 : C9;
00000459 : F1;
0000045A : 93;
0000045B : CA;
0000045C : 1D;
0000045D : 04;
0000045E : 3C;
0000045F : C2;
00000460 : 84;
00000461 : 03;
00000462 : CD;
00000463 : 6E;
00000464 : 04;
00000465 : CA;
00000466 : 84;
00000467 : 03;
00000468 : 1D;
00000469 : 04;
0000046A : 15;
0000046B : C3;
0000046C : 1D;
0000046D : 04;
0000046E : 2E;
0000046F : 00;
00000470 : 60;
00000471 : CD;
00000472 : 7F;
00000473 : 04;
00000474 : 7E;
00000475 : A7;
00000476 : C8;
00000477 : 23;
00000478 : FE;
00000479 : 81;
0000047A : C2;
0000047B : 74;
0000047C : 04;
0000047D : A7;
0000047E : C9;
0000047F : D5;
00000480 : 7D;
00000481 : 07;
00000482 : 07;
00000483 : 07;
00000484 : 6F;
00000485 : 7C;
00000486 : 1F;
00000487 : E6;
00000488 : 70;
00000489 : 57;
0000048A : 1F;
0000048B : 82;
0000048C : 85;
0000048D : C6;
0000048E : 18;
0000048F : 6F;
00000490 : 7C;
00000491 : E6;
00000492 : 1F;
00000493 : C6;
00000494 : C0;
00000495 : 67;
00000496 : D1;
00000497 : C9;
00000498 : D5;
00000499 : DB;
0000049A : 01;
0000049B : E6;
0000049C : 10;
0000049D : 5F;
0000049E : DB;
0000049F : 01;
000004A0 : E6;
000004A1 : 10;
000004A2 : BB;
000004A3 : CA;
000004A4 : 9E;
000004A5 : 04;
000004A6 : 5F;
000004A7 : 16;
000004A8 : 01;
000004A9 : DB;
000004AA : 01;
000004AB : E6;
000004AC : 10;
000004AD : 14;
000004AE : BB;
000004AF : CA;
000004B0 : A9;
000004B1 : 04;
000004B2 : 7A;
000004B3 : 87;
000004B4 : 87;
000004B5 : D1;
000004B6 : C9;
000004B7 : E5;
000004B8 : D5;
000004B9 : CD;
000004BA : 98;
000004BB : 04;
000004BC : 47;
000004BD : B7;
000004BE : 1F;
000004BF : 4F;
000004C0 : 21;
000004C1 : 00;
000004C2 : 00;
000004C3 : 16;
000004C4 : 20;
000004C5 : CD;
000004C6 : 98;
000004C7 : 04;
000004C8 : D5;
000004C9 : 16;
000004CA : 00;
000004CB : 5F;
000004CC : 19;
000004CD : D1;
000004CE : 5F;
000004CF : 90;
000004D0 : D2;
000004D1 : D5;
000004D2 : 04;
000004D3 : 78;
000004D4 : 93;
000004D5 : B9;
000004D6 : D2;
000004D7 : B9;
000004D8 : 04;
000004D9 : 15;
000004DA : C2;
000004DB : C5;
000004DC : 04;
000004DD : 29;
000004DE : 7C;
000004DF : D1;
000004E0 : E1;
000004E1 : C9;
000004E2 : C5;
000004E3 : 21;
000004E4 : D0;
000004E5 : DE;
000004E6 : E5;
000004E7 : 01;
000004E8 : 23;
000004E9 : 00;
000004EA : 3E;
000004EB : FF;
000004EC : CD;
000004ED : 04;
000004EE : 05;
000004EF : 77;
000004F0 : 23;
000004F1 : 80;
000004F2 : 47;
000004F3 : 3E;
000004F4 : 08;
000004F5 : 0D;
000004F6 : C2;
000004F7 : EC;
000004F8 : 04;
000004F9 : 2B;
000004FA : 78;
000004FB : 96;
000004FC : 96;
000004FD : 7E;
000004FE : E1;
000004FF : C2;
00000500 : E6;
00000501 : 04;
00000502 : C1;
00000503 : C9;
00000504 : C5;
00000505 : D5;
00000506 : 0E;
00000507 : 00;
00000508 : 57;
00000509 : CD;
0000050A : C4;
0000050B : 03;
0000050C : DB;
0000050D : 01;
0000050E : E6;
0000050F : 10;
00000510 : BB;
00000511 : CA;
00000512 : 0C;
00000513 : 05;
00000514 : 07;
00000515 : 07;
00000516 : 07;
00000517 : 07;
00000518 : 79;
00000519 : 17;
0000051A : 4F;
0000051B : 7E;
0000051C : CD;
0000051D : BD;
0000051E : 03;
0000051F : 7A;
00000520 : B7;
00000521 : F2;
00000522 : 34;
00000523 : 05;
00000524 : 3E;
00000525 : E6;
00000526 : A9;
00000527 : CA;
00000528 : 2F;
00000529 : 05;
0000052A : FE;
0000052B : FF;
0000052C : C2;
0000052D : 0C;
0000052E : 05;
0000052F : 32;
00000530 : F4;
00000531 : DE;
00000532 : 16;
00000533 : 09;
00000534 : 15;
00000535 : C2;
00000536 : 0C;
00000537 : 05;
00000538 : 3A;
00000539 : F4;
0000053A : DE;
0000053B : A9;
0000053C : D1;
0000053D : C1;
0000053E : C9;
0000053F : DB;
00000540 : 01;
00000541 : E6;
00000542 : 20;
00000543 : 01;
00000544 : C7;
00000545 : 07;
00000546 : C2;
00000547 : 4C;
00000548 : 05;
00000549 : 01;
0000054A : B7;
0000054B : 07;
0000054C : FB;
0000054D : 76;
0000054E : E3;
0000054F : E3;
00000550 : 16;
00000551 : 0F;
00000552 : 3E;
00000553 : 88;
00000554 : D3;
00000555 : 00;
00000556 : 3E;
00000557 : FF;
00000558 : D3;
00000559 : 03;
0000055A : 7A;
0000055B : D3;
0000055C : 02;
0000055D : 0A;
0000055E : D3;
0000055F : 0F;
00000560 : 00;
00000561 : D3;
00000562 : 0F;
00000563 : 00;
00000564 : D3;
00000565 : 0F;
00000566 : 03;
00000567 : D3;
00000568 : 0F;
00000569 : 15;
0000056A : D3;
0000056B : 0F;
0000056C : F2;
0000056D : 5A;
0000056E : 05;
0000056F : 3E;
00000570 : 82;
00000571 : D3;
00000572 : 04;
00000573 : 3E;
00000574 : FF;
00000575 : D3;
00000576 : 05;
00000577 : D3;
00000578 : 07;
00000579 : C9;
0000057A : 31;
0000057B : FF;
0000057C : E1;
0000057D : CD;
0000057E : 3C;
0000057F : 01;
00000580 : CD;
00000581 : 3F;
00000582 : 05;
00000583 : 06;
00000584 : 06;
00000585 : 11;
00000586 : E7;
00000587 : 07;
00000588 : 21;
00000589 : F0;
0000058A : CD;
0000058B : 0E;
0000058C : 08;
0000058D : 2E;
0000058E : F0;
0000058F : 1A;
00000590 : 77;
00000591 : 2D;
00000592 : 13;
00000593 : 0D;
00000594 : C2;
00000595 : 8F;
00000596 : 05;
00000597 : 24;
00000598 : 05;
00000599 : C2;
0000059A : 8B;
0000059B : 05;
0000059C : CD;
0000059D : CA;
0000059E : 03;
0000059F : 3A;
000005A0 : F6;
000005A1 : DE;
000005A2 : D6;
000005A3 : 03;
000005A4 : 32;
000005A5 : 00;
000005A6 : E1;
000005A7 : AF;
000005A8 : 32;
000005A9 : F6;
000005AA : DE;
000005AB : CD;
000005AC : 4B;
000005AD : 06;
000005AE : 3C;
000005AF : C2;
000005B0 : 7A;
000005B1 : 05;
000005B2 : CD;
000005B3 : 50;
000005B4 : 06;
000005B5 : 47;
000005B6 : CD;
000005B7 : 50;
000005B8 : 06;
000005B9 : 4F;
000005BA : CD;
000005BB : 50;
000005BC : 06;
000005BD : 90;
000005BE : 91;
000005BF : C2;
000005C0 : 7A;
000005C1 : 05;
000005C2 : 79;
000005C3 : 90;
000005C4 : 4F;
000005C5 : 3E;
000005C6 : E0;
000005C7 : 90;
000005C8 : 6F;
000005C9 : 26;
000005CA : DF;
000005CB : 3E;
000005CC : 1F;
000005CD : 77;
000005CE : 2D;
000005CF : 0D;
000005D0 : C2;
000005D1 : CD;
000005D2 : 05;
000005D3 : 11;
000005D4 : 00;
000005D5 : E0;
000005D6 : 0E;
000005D7 : 00;
000005D8 : 3E;
000005D9 : 04;
000005DA : CD;
000005DB : 52;
000005DC : 06;
000005DD : CD;
000005DE : 4B;
000005DF : 06;
000005E0 : 67;
000005E1 : CD;
000005E2 : 50;
000005E3 : 06;
000005E4 : 6F;
000005E5 : E5;
000005E6 : 3E;
000005E7 : E0;
000005E8 : 94;
000005E9 : 6F;
000005EA : CD;
000005EB : 50;
000005EC : 06;
000005ED : 47;
000005EE : C5;
000005EF : 26;
000005F0 : DF;
000005F1 : E5;
000005F2 : 3E;
000005F3 : E0;
000005F4 : B6;
000005F5 : 77;
000005F6 : CD;
000005F7 : 50;
000005F8 : 06;
000005F9 : 12;
000005FA : 13;
000005FB : 81;
000005FC : 4F;
000005FD : 05;
000005FE : C2;
000005FF : F6;
00000600 : 05;
00000601 : CD;
00000602 : 50;
00000603 : 06;
00000604 : 47;
00000605 : E1;
00000606 : 3E;
00000607 : 1F;
00000608 : A6;
00000609 : 77;
0000060A : 78;
0000060B : B9;
0000060C : C1;
0000060D : E1;
0000060E : C2;
0000060F : D3;
00000610 : 05;
00000611 : 11;
00000612 : 00;
00000613 : E0;
00000614 : 7C;
00000615 : FE;
00000616 : DF;
00000617 : DA;
00000618 : 29;
00000619 : 06;
0000061A : E6;
0000061B : 9F;
0000061C : FE;
0000061D : 9F;
0000061E : CA;
0000061F : D3;
00000620 : 05;
00000621 : E6;
00000622 : 9E;
00000623 : FE;
00000624 : 80;
00000625 : CA;
00000626 : D3;
00000627 : 05;
00000628 : 48;
00000629 : 1A;
0000062A : 77;
0000062B : 2C;
0000062C : 13;
0000062D : 05;
0000062E : C2;
0000062F : 29;
00000630 : 06;
00000631 : 79;
00000632 : B7;
00000633 : C2;
00000634 : D3;
00000635 : 05;
00000636 : 3E;
00000637 : E0;
00000638 : 94;
00000639 : 6F;
0000063A : 26;
0000063B : DF;
0000063C : 36;
0000063D : 00;
0000063E : 6E;
0000063F : 7E;
00000640 : B7;
00000641 : C2;
00000642 : D3;
00000643 : 05;
00000644 : 2C;
00000645 : C2;
00000646 : 3F;
00000647 : 06;
00000648 : C3;
00000649 : 23;
0000064A : 08;
0000064B : 3E;
0000064C : FF;
0000064D : C3;
0000064E : 52;
0000064F : 06;
00000650 : 3E;
00000651 : 08;
00000652 : C5;
00000653 : D5;
00000654 : 57;
00000655 : 0E;
00000656 : 00;
00000657 : CD;
00000658 : 90;
00000659 : 06;
0000065A : 5F;
0000065B : CD;
0000065C : 90;
0000065D : 06;
0000065E : AB;
0000065F : CA;
00000660 : 5B;
00000661 : 06;
00000662 : 79;
00000663 : 17;
00000664 : B3;
00000665 : 4F;
00000666 : 3A;
00000667 : 00;
00000668 : E1;
00000669 : 3D;
0000066A : C2;
0000066B : 69;
0000066C : 06;
0000066D : 7A;
0000066E : B7;
0000066F : FA;
00000670 : 7D;
00000671 : 06;
00000672 : 15;
00000673 : C2;
00000674 : 57;
00000675 : 06;
00000676 : 3A;
00000677 : 01;
00000678 : E1;
00000679 : A9;
0000067A : D1;
0000067B : C1;
0000067C : C9;
0000067D : 3E;
0000067E : E6;
0000067F : A9;
00000680 : CA;
00000681 : 88;
00000682 : 06;
00000683 : FE;
00000684 : FF;
00000685 : C2;
00000686 : 57;
00000687 : 06;
00000688 : 32;
00000689 : 01;
0000068A : E1;
0000068B : 16;
0000068C : 08;
0000068D : C3;
0000068E : 55;
0000068F : 06;
00000690 : DB;
00000691 : 01;
00000692 : 0F;
00000693 : 0F;
00000694 : 0F;
00000695 : 0F;
00000696 : E6;
00000697 : 01;
00000698 : C9;
00000699 : 21;
0000069A : 00;
0000069B : FF;
0000069C : 22;
0000069D : D5;
0000069E : DE;
0000069F : AF;
000006A0 : 32;
000006A1 : D2;
000006A2 : DE;
000006A3 : 32;
000006A4 : D3;
000006A5 : DE;
000006A6 : 3C;
000006A7 : 32;
000006A8 : D4;
000006A9 : DE;
000006AA : CD;
000006AB : C7;
000006AC : 06;
000006AD : 21;
000006AE : 00;
000006AF : FF;
000006B0 : E5;
000006B1 : 11;
000006B2 : 17;
000006B3 : 08;
000006B4 : 0E;
000006B5 : 0C;
000006B6 : 1A;
000006B7 : BE;
000006B8 : 3E;
000006B9 : 00;
000006BA : C2;
000006BB : C4;
000006BC : 06;
000006BD : 13;
000006BE : 23;
000006BF : 0D;
000006C0 : C2;
000006C1 : B6;
000006C2 : 06;
000006C3 : 3D;
000006C4 : E1;
000006C5 : B7;
000006C6 : C9;
000006C7 : C5;
000006C8 : D5;
000006C9 : 21;
000006CA : 00;
000006CB : 00;
000006CC : 39;
000006CD : 22;
000006CE : D0;
000006CF : DE;
000006D0 : CD;
000006D1 : F6;
000006D2 : 06;
000006D3 : D3;
000006D4 : 10;
000006D5 : F9;
000006D6 : 2A;
000006D7 : D5;
000006D8 : DE;
000006D9 : AF;
000006DA : 0E;
000006DB : 40;
000006DC : D1;
000006DD : 83;
000006DE : 82;
000006DF : 73;
000006E0 : 23;
000006E1 : 72;
000006E2 : 23;
000006E3 : 0D;
000006E4 : C2;
000006E5 : DC;
000006E6 : 06;
000006E7 : 4F;
000006E8 : AF;
000006E9 : D3;
000006EA : 10;
000006EB : 2A;
000006EC : D0;
000006ED : DE;
000006EE : F9;
000006EF : 79;
000006F0 : CD;
000006F1 : 41;
000006F2 : 07;
000006F3 : D1;
000006F4 : C1;
000006F5 : C9;
000006F6 : 3A;
000006F7 : D4;
000006F8 : DE;
000006F9 : 11;
000006FA : 80;
000006FB : FF;
000006FC : 21;
000006FD : 00;
000006FE : 04;
000006FF : 19;
00000700 : 3D;
00000701 : C2;
00000702 : FF;
00000703 : 06;
00000704 : EB;
00000705 : 3A;
00000706 : D3;
00000707 : DE;
00000708 : 2F;
00000709 : FE;
0000070A : FC;
0000070B : D2;
0000070C : 10;
0000070D : 07;
0000070E : D6;
0000070F : 10;
00000710 : D6;
00000711 : 04;
00000712 : 6F;
00000713 : 07;
00000714 : 07;
00000715 : E6;
00000716 : FC;
00000717 : 67;
00000718 : 7D;
00000719 : 2E;
0000071A : 00;
0000071B : 19;
0000071C : 07;
0000071D : 07;
0000071E : 07;
0000071F : 07;
00000720 : E6;
00000721 : 0C;
00000722 : C5;
00000723 : 4F;
00000724 : 3E;
00000725 : 10;
00000726 : B1;
00000727 : C1;
00000728 : C9;
00000729 : 3A;
0000072A : D3;
0000072B : DE;
0000072C : 6F;
0000072D : 26;
0000072E : 00;
0000072F : 29;
00000730 : 29;
00000731 : 29;
00000732 : 29;
00000733 : 3E;
00000734 : F0;
00000735 : 84;
00000736 : 67;
00000737 : 3A;
00000738 : D4;
00000739 : DE;
0000073A : 3D;
0000073B : 87;
0000073C : 85;
0000073D : 6F;
0000073E : 3E;
0000073F : 1C;
00000740 : C9;
00000741 : F5;
00000742 : D5;
00000743 : 21;
00000744 : 00;
00000745 : 00;
00000746 : 39;
00000747 : 22;
00000748 : D0;
00000749 : DE;
0000074A : CD;
0000074B : 29;
0000074C : 07;
0000074D : D3;
0000074E : 10;
0000074F : F9;
00000750 : D1;
00000751 : 3E;
00000752 : 00;
00000753 : D3;
00000754 : 10;
00000755 : 2A;
00000756 : D0;
00000757 : DE;
00000758 : F9;
00000759 : EB;
0000075A : D1;
0000075B : F1;
0000075C : BC;
0000075D : C2;
0000075E : 62;
0000075F : 07;
00000760 : 95;
00000761 : C8;
00000762 : C3;
00000763 : 57;
00000764 : 01;
00000765 : C9;
00000766 : 3E;
00000767 : 10;
00000768 : C3;
00000769 : 6D;
0000076A : 07;
0000076B : 3E;
0000076C : 33;
0000076D : D3;
0000076E : 10;
0000076F : 31;
00000770 : 00;
00000771 : 00;
00000772 : 21;
00000773 : FF;
00000774 : FF;
00000775 : 01;
00000776 : 00;
00000777 : 40;
00000778 : 56;
00000779 : 2B;
0000077A : 5E;
0000077B : 2B;
0000077C : D5;
0000077D : 0B;
0000077E : 78;
0000077F : B1;
00000780 : C2;
00000781 : 78;
00000782 : 07;
00000783 : 31;
00000784 : FF;
00000785 : 9F;
00000786 : AF;
00000787 : D3;
00000788 : 10;
00000789 : CD;
0000078A : 2F;
0000078B : 00;
0000078C : 21;
0000078D : 9E;
0000078E : 07;
0000078F : 11;
00000790 : 70;
00000791 : EE;
00000792 : 01;
00000793 : 19;
00000794 : 00;
00000795 : CD;
00000796 : 5E;
00000797 : 00;
00000798 : 21;
00000799 : 70;
0000079A : EE;
0000079B : C3;
0000079C : 94;
0000079D : 02;
0000079E : 31;
0000079F : 00;
000007A0 : 90;
000007A1 : 21;
000007A2 : FF;
000007A3 : 8F;
000007A4 : 3E;
000007A5 : 10;
000007A6 : D3;
000007A7 : 10;
000007A8 : 56;
000007A9 : 2B;
000007AA : 5E;
000007AB : 2B;
000007AC : D5;
000007AD : 7C;
000007AE : 3C;
000007AF : C2;
000007B0 : 7A;
000007B1 : EE;
000007B2 : D3;
000007B3 : 10;
000007B4 : C3;
000007B5 : 00;
000007B6 : E8;
000007B7 : ED;
000007B8 : 2D;
000007B9 : E5;
000007BA : 05;
000007BB : E8;
000007BC : 28;
000007BD : C0;
000007BE : 49;
000007BF : 92;
000007C0 : 12;
000007C1 : 9A;
000007C2 : 20;
000007C3 : 90;
000007C4 : 10;
000007C5 : 80;
000007C6 : 00;
000007C7 : 2D;
000007C8 : 2D;
000007C9 : 80;
000007CA : 80;
000007CB : 2D;
000007CC : 2D;
000007CD : 80;
000007CE : 80;
000007CF : 2D;
000007D0 : 2D;
000007D1 : 80;
000007D2 : 80;
000007D3 : 2D;
000007D4 : 2D;
000007D5 : 80;
000007D6 : 80;
000007D7 : 00;
000007D8 : 00;
000007D9 : FF;
000007DA : FF;
000007DB : FF;
000007DC : FF;
000007DD : 00;
000007DE : 00;
000007DF : 00;
000007E0 : 00;
000007E1 : FF;
000007E2 : FF;
000007E3 : FF;
000007E4 : FF;
000007E5 : 00;
000007E6 : 00;
000007E7 : 7F;
000007E8 : 49;
000007E9 : 41;
000007EA : 42;
000007EB : 41;
000007EC : 49;
000007ED : 49;
000007EE : 7F;
000007EF : 7E;
000007F0 : 41;
000007F1 : 41;
000007F2 : 49;
000007F3 : 4E;
000007F4 : 48;
000007F5 : 48;
000007F6 : 78;
000007F7 : 7F;
000007F8 : 49;
000007F9 : 49;
000007FA : 49;
000007FB : 49;
000007FC : 41;
000007FD : 41;
000007FE : 3F;
000007FF : 3F;
00000800 : 41;
00000801 : 41;
00000802 : 4F;
00000803 : 41;
00000804 : 41;
00000805 : 41;
00000806 : 3F;
00000807 : 7F;
00000808 : 41;
00000809 : 41;
0000080A : 63;
0000080B : 22;
0000080C : 22;
0000080D : 22;
0000080E : 3E;
0000080F : 7E;
00000810 : 41;
00000811 : 41;
00000812 : 71;
00000813 : 29;
00000814 : 41;
00000815 : 41;
00000816 : 3F;
00000817 : 00;
00000818 : 4F;
00000819 : 53;
0000081A : 20;
0000081B : 20;
0000081C : 20;
0000081D : 20;
0000081E : 20;
0000081F : 20;
00000820 : 43;
00000821 : 4F;
00000822 : 4D;
00000823 : 21;
00000824 : 00;
00000825 : 00;
00000826 : C3;
00000827 : 94;
00000828 : 02;
00000829 : 47;
0000082A : DB;
0000082B : 01;
0000082C : E6;
0000082D : E0;
0000082E : B7;
0000082F : 78;
00000830 : C2;
00000831 : 8F;
00000832 : 00;
00000833 : 31;
00000834 : FF;
00000835 : 9F;
00000836 : CD;
00000837 : 2F;
00000838 : 00;
00000839 : CD;
0000083A : 2D;
0000083B : F8;
0000083C : 21;
0000083D : 43;
0000083E : 08;
0000083F : CD;
00000840 : 18;
00000841 : F8;
00000842 : 76;
00000843 : 1F;
00000844 : 56;
00000845 : C5;
00000846 : CB;
00000847 : D4;
00000848 : CF;
00000849 : D2;
0000084A : 2D;
0000084B : 30;
0000084C : 36;
0000084D : C3;
0000084E : 20;
0000084F : 5A;
00000850 : 38;
00000851 : 30;
00000852 : 2F;
00000853 : 35;
00000854 : 38;
00000855 : 30;
00000856 : 20;
00000857 : 52;
00000858 : 4F;
00000859 : 4D;
0000085A : 20;
0000085B : 42;
0000085C : C9;
0000085D : CF;
0000085E : D3;
0000085F : 20;
00000860 : 33;
00000861 : D0;
00000862 : CC;
00000863 : D5;
00000864 : D3;
00000865 : 2E;
00000866 : 0A;
00000867 : 0D;
00000868 : 43;
00000869 : CF;
0000086A : D0;
0000086B : D9;
0000086C : D2;
0000086D : C9;
0000086E : C7;
0000086F : C8;
00000870 : D4;
00000871 : 20;
00000872 : 31;
00000873 : 39;
00000874 : 39;
00000875 : 32;
00000876 : 2D;
00000877 : 39;
00000878 : 35;
00000879 : 20;
0000087A : C2;
0000087B : D9;
0000087C : 20;
0000087D : 53;
0000087E : D0;
0000087F : C1;
00000880 : D3;
00000881 : C5;
00000882 : 20;
00000883 : C3;
00000884 : CF;
00000885 : D2;
00000886 : D0;
00000887 : 2E;
00000888 : 0A;
00000889 : 0D;
0000088A : 43;
0000088B : CF;
0000088C : D0;
0000088D : D9;
0000088E : D2;
0000088F : C9;
00000890 : C7;
00000891 : C8;
00000892 : D4;
00000893 : 20;
00000894 : 31;
00000895 : 39;
00000896 : 39;
00000897 : 32;
00000898 : 20;
00000899 : C2;
0000089A : D9;
0000089B : 20;
0000089C : 53;
0000089D : CF;
0000089E : C6;
0000089F : D4;
000008A0 : D7;
000008A1 : C1;
000008A2 : D2;
000008A3 : C5;
000008A4 : 2E;
000008A5 : 44;
000008A6 : 49;
000008A7 : 4D;
000008A8 : 0A;
000008A9 : 0D;
000008AA : 41;
000008AB : CC;
000008AC : CC;
000008AD : 20;
000008AE : D2;
000008AF : C9;
000008B0 : C7;
000008B1 : C8;
000008B2 : D4;
000008B3 : D3;
000008B4 : 20;
000008B5 : D2;
000008B6 : C5;
000008B7 : D3;
000008B8 : C5;
000008B9 : D2;
000008BA : D6;
000008BB : C5;
000008BC : C4;
000008BD : 2E;
000008BE : 0A;
000008BF : 0D;
000008C0 : 54;
000008C1 : C8;
000008C2 : C9;
000008C3 : D3;
000008C4 : 20;
000008C5 : C3;
000008C6 : CF;
000008C7 : D0;
000008C8 : D9;
000008C9 : 20;
000008CA : CC;
000008CB : C9;
000008CC : C3;
000008CD : C5;
000008CE : CE;
000008CF : C3;
000008D0 : C5;
000008D1 : C4;
000008D2 : 20;
000008D3 : D4;
000008D4 : CF;
000008D5 : 3A;
000008D6 : 0A;
000008D7 : 0D;
000008D8 : 43;
000008D9 : C5;
000008DA : CE;
000008DB : D4;
000008DC : D2;
000008DD : C5;
000008DE : 20;
000008DF : 22;
000008E0 : 47;
000008E1 : C5;
000008E2 : D0;
000008E3 : C1;
000008E4 : D2;
000008E5 : C4;
000008E6 : 22;
000008E7 : 2C;
000008E8 : 20;
000008E9 : 4F;
000008EA : CD;
000008EB : D3;
000008EC : CB;
000008ED : 2E;
000008EE : 0A;
000008EF : 0D;
000008F0 : 00;
000008F1 : 31;
000008F2 : F0;
000008F3 : DC;
000008F4 : CD;
000008F5 : 6F;
000008F6 : 05;
000008F7 : 3E;
000008F8 : FD;
000008F9 : D3;
000008FA : 07;
000008FB : 3E;
000008FC : 8F;
000008FD : D3;
000008FE : 05;
000008FF : DB;
00000900 : 06;
00000901 : FE;
00000902 : 76;
00000903 : CA;
00000904 : 28;
00000905 : 09;
00000906 : CD;
00000907 : 3C;
00000908 : 01;
00000909 : 21;
0000090A : 00;
0000090B : 80;
0000090C : 11;
0000090D : 00;
0000090E : 00;
0000090F : 01;
00000910 : 00;
00000911 : 80;
00000912 : D5;
00000913 : 7D;
00000914 : D3;
00000915 : 07;
00000916 : 7C;
00000917 : D3;
00000918 : 05;
00000919 : DB;
0000091A : 06;
0000091B : 12;
0000091C : 23;
0000091D : 13;
0000091E : 0B;
0000091F : 78;
00000920 : B1;
00000921 : C2;
00000922 : 13;
00000923 : 09;
00000924 : E1;
00000925 : C3;
00000926 : 94;
00000927 : 02;
00000928 : 21;
00000929 : 03;
0000092A : 80;
0000092B : 11;
0000092C : 03;
0000092D : A0;
0000092E : 01;
0000092F : 00;
00000930 : 10;
00000931 : C3;
00000932 : 12;
00000933 : 09;
00000934 : 00;
00000935 : 00;
00000936 : 00;
00000937 : 00;
00000938 : 00;
00000939 : 00;
0000093A : 00;
0000093B : 00;
0000093C : 00;
0000093D : 00;
0000093E : 00;
0000093F : 00;
00000940 : 00;
00000941 : 00;
00000942 : 00;
00000943 : 00;
00000944 : 00;
00000945 : 00;
00000946 : 00;
00000947 : 00;
00000948 : 00;
00000949 : 00;
0000094A : 00;
0000094B : 00;
0000094C : 00;
0000094D : 00;
0000094E : 00;
0000094F : 00;
00000950 : 00;
00000951 : 00;
00000952 : 00;
00000953 : 00;
00000954 : 00;
00000955 : 00;
00000956 : 00;
00000957 : 00;
00000958 : 00;
00000959 : 00;
0000095A : 00;
0000095B : 00;
0000095C : 00;
0000095D : 00;
0000095E : 00;
0000095F : 00;
00000960 : 00;
00000961 : 00;
00000962 : 00;
00000963 : 00;
00000964 : 00;
00000965 : 00;
00000966 : 00;
00000967 : 00;
00000968 : 00;
00000969 : 00;
0000096A : 00;
0000096B : 00;
0000096C : 00;
0000096D : 00;
0000096E : 00;
0000096F : 00;
00000970 : 00;
00000971 : 00;
00000972 : 00;
00000973 : 00;
00000974 : 00;
00000975 : 00;
00000976 : 00;
00000977 : 00;
00000978 : 00;
00000979 : 00;
0000097A : 00;
0000097B : 00;
0000097C : 00;
0000097D : 00;
0000097E : 00;
0000097F : 00;
00000980 : 00;
00000981 : 00;
00000982 : 00;
00000983 : 00;
00000984 : 00;
00000985 : 00;
00000986 : 00;
00000987 : 00;
00000988 : 00;
00000989 : 00;
0000098A : 00;
0000098B : 00;
0000098C : 00;
0000098D : 00;
0000098E : 00;
0000098F : 00;
00000990 : 00;
00000991 : 00;
00000992 : 00;
00000993 : 00;
00000994 : 00;
00000995 : 00;
00000996 : 00;
00000997 : 00;
00000998 : 00;
00000999 : 00;
0000099A : 00;
0000099B : 00;
0000099C : 00;
0000099D : 00;
0000099E : 00;
0000099F : 21;
000009A0 : 8A;
000009A1 : EA;
000009A2 : 22;
000009A3 : F9;
000009A4 : EF;
000009A5 : 21;
000009A6 : 84;
000009A7 : FE;
000009A8 : 22;
000009A9 : FC;
000009AA : EF;
000009AB : 21;
000009AC : 00;
000009AD : 03;
000009AE : 22;
000009AF : FE;
000009B0 : EF;
000009B1 : 3E;
000009B2 : C3;
000009B3 : 32;
000009B4 : F8;
000009B5 : EF;
000009B6 : 32;
000009B7 : FB;
000009B8 : EF;
000009B9 : C3;
000009BA : 00;
000009BB : F8;
000009BC : 3E;
000009BD : 01;
000009BE : 32;
000009BF : 47;
000009C0 : EE;
000009C1 : 21;
000009C2 : 00;
000009C3 : 00;
000009C4 : 22;
000009C5 : 48;
000009C6 : EE;
000009C7 : C3;
000009C8 : BD;
000009C9 : EA;
000009CA : CD;
000009CB : 30;
000009CC : F8;
000009CD : F9;
000009CE : 21;
000009CF : 51;
000009D0 : EA;
000009D1 : 22;
000009D2 : CE;
000009D3 : FF;
000009D4 : 3A;
000009D5 : F7;
000009D6 : EF;
000009D7 : 32;
000009D8 : CD;
000009D9 : FF;
000009DA : 21;
000009DB : 66;
000009DC : FF;
000009DD : CD;
000009DE : 18;
000009DF : F8;
000009E0 : 1E;
000009E1 : 3C;
000009E2 : 21;
000009E3 : 61;
000009E4 : EE;
000009E5 : CD;
000009E6 : 2B;
000009E7 : FE;
000009E8 : 21;
000009E9 : 61;
000009EA : EE;
000009EB : 7E;
000009EC : 23;
000009ED : FE;
000009EE : 20;
000009EF : CA;
000009F0 : 9B;
000009F1 : EA;
000009F2 : FE;
000009F3 : 43;
000009F4 : CA;
000009F5 : E9;
000009F6 : E9;
000009F7 : FE;
000009F8 : 53;
000009F9 : CA;
000009FA : 5E;
000009FB : E9;
000009FC : FE;
000009FD : 47;
000009FE : CA;
000009FF : 8B;
00000A00 : E8;
00000A01 : FE;
00000A02 : 46;
00000A03 : CA;
00000A04 : 03;
00000A05 : FF;
00000A06 : FE;
00000A07 : 4B;
00000A08 : CA;
00000A09 : 94;
00000A0A : E8;
00000A0B : FE;
00000A0C : 4D;
00000A0D : CA;
00000A0E : A5;
00000A0F : E8;
00000A10 : FE;
00000A11 : 4A;
00000A12 : CA;
00000A13 : F7;
00000A14 : E8;
00000A15 : FE;
00000A16 : 54;
00000A17 : CA;
00000A18 : 11;
00000A19 : FF;
00000A1A : FE;
00000A1B : 44;
00000A1C : CA;
00000A1D : 0E;
00000A1E : E9;
00000A1F : FE;
00000A20 : 45;
00000A21 : CA;
00000A22 : AD;
00000A23 : FD;
00000A24 : C3;
00000A25 : F8;
00000A26 : EF;
00000A27 : C3;
00000A28 : 2B;
00000A29 : E8;
00000A2A : 11;
00000A2B : 2B;
00000A2C : E8;
00000A2D : D5;
00000A2E : CD;
00000A2F : CE;
00000A30 : FE;
00000A31 : EB;
00000A32 : E9;
00000A33 : CD;
00000A34 : D5;
00000A35 : FE;
00000A36 : CD;
00000A37 : 2A;
00000A38 : F8;
00000A39 : 60;
00000A3A : 69;
00000A3B : CD;
00000A3C : D2;
00000A3D : E9;
00000A3E : CD;
00000A3F : E1;
00000A40 : E9;
00000A41 : C3;
00000A42 : 2B;
00000A43 : E8;
00000A44 : CD;
00000A45 : CE;
00000A46 : FE;
00000A47 : EB;
00000A48 : 11;
00000A49 : 61;
00000A4A : EE;
00000A4B : CD;
00000A4C : D2;
00000A4D : E9;
00000A4E : CD;
00000A4F : E1;
00000A50 : E9;
00000A51 : 0E;
00000A52 : 3A;
00000A53 : CD;
00000A54 : 09;
00000A55 : F8;
00000A56 : CD;
00000A57 : DC;
00000A58 : E9;
00000A59 : 7E;
00000A5A : CD;
00000A5B : 15;
00000A5C : F8;
00000A5D : CD;
00000A5E : DC;
00000A5F : E9;
00000A60 : 06;
00000A61 : 02;
00000A62 : CD;
00000A63 : 03;
00000A64 : F8;
00000A65 : FE;
00000A66 : 1B;
00000A67 : CA;
00000A68 : 8C;
00000A69 : E9;
00000A6A : FE;
00000A6B : 0D;
00000A6C : CA;
00000A6D : EF;
00000A6E : E8;
00000A6F : FE;
00000A70 : 19;
00000A71 : CA;
00000A72 : F3;
00000A73 : E8;
00000A74 : FE;
00000A75 : 20;
00000A76 : DA;
00000A77 : C3;
00000A78 : E8;
00000A79 : 4F;
00000A7A : CD;
00000A7B : 09;
00000A7C : F8;
00000A7D : 12;
00000A7E : 13;
00000A7F : 05;
00000A80 : C2;
00000A81 : C3;
00000A82 : E8;
00000A83 : AF;
00000A84 : 12;
00000A85 : E5;
00000A86 : 21;
00000A87 : 61;
00000A88 : EE;
00000A89 : CD;
00000A8A : CE;
00000A8B : FE;
00000A8C : E1;
00000A8D : 73;
00000A8E : 23;
00000A8F : C3;
00000A90 : A9;
00000A91 : E8;
00000A92 : 2B;
00000A93 : C3;
00000A94 : A9;
00000A95 : E8;
00000A96 : CD;
00000A97 : CE;
00000A98 : FE;
00000A99 : 7A;
00000A9A : B3;
00000A9B : CA;
00000A9C : 06;
00000A9D : E9;
00000A9E : EB;
00000A9F : 22;
00000AA0 : 43;
00000AA1 : EE;
00000AA2 : C3;
00000AA3 : 2B;
00000AA4 : E8;
00000AA5 : 21;
00000AA6 : 2B;
00000AA7 : E8;
00000AA8 : E5;
00000AA9 : 2A;
00000AAA : 43;
00000AAB : EE;
00000AAC : E9;
00000AAD : CD;
00000AAE : D5;
00000AAF : FE;
00000AB0 : 7D;
00000AB1 : E6;
00000AB2 : F0;
00000AB3 : 6F;
00000AB4 : 7B;
00000AB5 : F6;
00000AB6 : 0F;
00000AB7 : 5F;
00000AB8 : CD;
00000AB9 : D2;
00000ABA : E9;
00000ABB : CD;
00000ABC : E1;
00000ABD : E9;
00000ABE : 0E;
00000ABF : 3A;
00000AC0 : CD;
00000AC1 : 09;
00000AC2 : F8;
00000AC3 : CD;
00000AC4 : DC;
00000AC5 : E9;
00000AC6 : E5;
00000AC7 : 7E;
00000AC8 : CD;
00000AC9 : 15;
00000ACA : F8;
00000ACB : 23;
00000ACC : 7E;
00000ACD : CD;
00000ACE : 15;
00000ACF : F8;
00000AD0 : CD;
00000AD1 : DC;
00000AD2 : E9;
00000AD3 : 23;
00000AD4 : 7D;
00000AD5 : E6;
00000AD6 : 0F;
00000AD7 : C2;
00000AD8 : 28;
00000AD9 : E9;
00000ADA : CD;
00000ADB : DC;
00000ADC : E9;
00000ADD : E1;
00000ADE : 7E;
00000ADF : FE;
00000AE0 : 20;
00000AE1 : D2;
00000AE2 : 47;
00000AE3 : E9;
00000AE4 : 3E;
00000AE5 : 2E;
00000AE6 : 4F;
00000AE7 : CD;
00000AE8 : 09;
00000AE9 : F8;
00000AEA : CD;
00000AEB : E4;
00000AEC : FD;
00000AED : 23;
00000AEE : CA;
00000AEF : 2B;
00000AF0 : E8;
00000AF1 : 7D;
00000AF2 : E6;
00000AF3 : 0F;
00000AF4 : C2;
00000AF5 : 3F;
00000AF6 : E9;
00000AF7 : CD;
00000AF8 : 2E;
00000AF9 : EA;
00000AFA : C3;
00000AFB : 19;
00000AFC : E9;
00000AFD : CD;
00000AFE : CE;
00000AFF : FE;
00000B00 : D5;
00000B01 : CD;
00000B02 : CE;
00000B03 : FE;
00000B04 : D5;
00000B05 : 01;
00000B06 : 61;
00000B07 : EE;
00000B08 : C5;
00000B09 : CD;
00000B0A : 84;
00000B0B : FE;
00000B0C : C1;
00000B0D : DA;
00000B0E : 77;
00000B0F : E9;
00000B10 : 7B;
00000B11 : 02;
00000B12 : 03;
00000B13 : C3;
00000B14 : 69;
00000B15 : E9;
00000B16 : 11;
00000B17 : 61;
00000B18 : EE;
00000B19 : 79;
00000B1A : 93;
00000B1B : 47;
00000B1C : D1;
00000B1D : E1;
00000B1E : 3A;
00000B1F : 61;
00000B20 : EE;
00000B21 : BE;
00000B22 : CA;
00000B23 : 97;
00000B24 : E9;
00000B25 : CD;
00000B26 : E4;
00000B27 : FD;
00000B28 : C2;
00000B29 : 93;
00000B2A : E9;
00000B2B : AF;
00000B2C : 32;
00000B2D : 61;
00000B2E : EE;
00000B2F : C3;
00000B30 : 2B;
00000B31 : E8;
00000B32 : 23;
00000B33 : C3;
00000B34 : 7F;
00000B35 : E9;
00000B36 : D5;
00000B37 : E5;
00000B38 : 48;
00000B39 : 11;
00000B3A : 61;
00000B3B : EE;
00000B3C : 1A;
00000B3D : BE;
00000B3E : C2;
00000B3F : CD;
00000B40 : E9;
00000B41 : 23;
00000B42 : 13;
00000B43 : 0D;
00000B44 : C2;
00000B45 : 9D;
00000B46 : E9;
00000B47 : E1;
00000B48 : E5;
00000B49 : CD;
00000B4A : D2;
00000B4B : E9;
00000B4C : CD;
00000B4D : E1;
00000B4E : E9;
00000B4F : 2B;
00000B50 : 2B;
00000B51 : 0E;
00000B52 : 3A;
00000B53 : CD;
00000B54 : 09;
00000B55 : F8;
00000B56 : CD;
00000B57 : DC;
00000B58 : E9;
00000B59 : 78;
00000B5A : C6;
00000B5B : 04;
00000B5C : 57;
00000B5D : 7E;
00000B5E : CD;
00000B5F : 15;
00000B60 : F8;
00000B61 : CD;
00000B62 : DC;
00000B63 : E9;
00000B64 : 23;
00000B65 : 15;
00000B66 : C2;
00000B67 : BE;
00000B68 : E9;
00000B69 : CD;
00000B6A : 2E;
00000B6B : EA;
00000B6C : E1;
00000B6D : D1;
00000B6E : C3;
00000B6F : 86;
00000B70 : E9;
00000B71 : 0E;
00000B72 : 0A;
00000B73 : CD;
00000B74 : 09;
00000B75 : F8;
00000B76 : 0E;
00000B77 : 0D;
00000B78 : C3;
00000B79 : 09;
00000B7A : F8;
00000B7B : 0E;
00000B7C : 20;
00000B7D : C3;
00000B7E : 09;
00000B7F : F8;
00000B80 : 7C;
00000B81 : CD;
00000B82 : 15;
00000B83 : F8;
00000B84 : 7D;
00000B85 : C3;
00000B86 : 15;
00000B87 : F8;
00000B88 : 7E;
00000B89 : B7;
00000B8A : CA;
00000B8B : 42;
00000B8C : EA;
00000B8D : FE;
00000B8E : 2B;
00000B8F : 0E;
00000B90 : 01;
00000B91 : CA;
00000B92 : 4A;
00000B93 : EA;
00000B94 : FE;
00000B95 : 2D;
00000B96 : 0E;
00000B97 : 00;
00000B98 : CA;
00000B99 : 4A;
00000B9A : EA;
00000B9B : CD;
00000B9C : DE;
00000B9D : FE;
00000B9E : 0A;
00000B9F : BE;
00000BA0 : C4;
00000BA1 : 0F;
00000BA2 : EA;
00000BA3 : CD;
00000BA4 : E4;
00000BA5 : FD;
00000BA6 : 23;
00000BA7 : 03;
00000BA8 : C2;
00000BA9 : FF;
00000BAA : E9;
00000BAB : C3;
00000BAC : 2B;
00000BAD : E8;
00000BAE : E5;
00000BAF : C5;
00000BB0 : CD;
00000BB1 : D2;
00000BB2 : E9;
00000BB3 : CD;
00000BB4 : 1F;
00000BB5 : EA;
00000BB6 : E1;
00000BB7 : E5;
00000BB8 : CD;
00000BB9 : 1F;
00000BBA : EA;
00000BBB : C1;
00000BBC : E1;
00000BBD : C9;
00000BBE : CD;
00000BBF : E1;
00000BC0 : E9;
00000BC1 : 0E;
00000BC2 : 3A;
00000BC3 : CD;
00000BC4 : 09;
00000BC5 : F8;
00000BC6 : 7E;
00000BC7 : CD;
00000BC8 : 15;
00000BC9 : F8;
00000BCA : CD;
00000BCB : DC;
00000BCC : E9;
00000BCD : CD;
00000BCE : 1B;
00000BCF : F8;
00000BD0 : FE;
00000BD1 : 1B;
00000BD2 : CA;
00000BD3 : 2B;
00000BD4 : E8;
00000BD5 : FE;
00000BD6 : 13;
00000BD7 : C0;
00000BD8 : CD;
00000BD9 : 12;
00000BDA : F8;
00000BDB : C2;
00000BDC : 39;
00000BDD : EA;
00000BDE : C3;
00000BDF : 03;
00000BE0 : F8;
00000BE1 : 0E;
00000BE2 : 1F;
00000BE3 : CD;
00000BE4 : 09;
00000BE5 : F8;
00000BE6 : C3;
00000BE7 : 2B;
00000BE8 : E8;
00000BE9 : 79;
00000BEA : 32;
00000BEB : F7;
00000BEC : EF;
00000BED : C3;
00000BEE : 2B;
00000BEF : E8;
00000BF0 : 3E;
00000BF1 : 0B;
00000BF2 : D3;
00000BF3 : 20;
00000BF4 : DB;
00000BF5 : 21;
00000BF6 : B7;
00000BF7 : F8;
00000BF8 : 2A;
00000BF9 : FC;
00000BFA : FF;
00000BFB : E5;
00000BFC : 21;
00000BFD : 0C;
00000BFE : B1;
00000BFF : 22;
00000C00 : FC;
00000C01 : FF;
00000C02 : 3E;
00000C03 : 04;
00000C04 : D3;
00000C05 : 20;
00000C06 : DB;
00000C07 : 21;
00000C08 : CD;
00000C09 : 15;
00000C0A : F8;
00000C0B : AF;
00000C0C : D3;
00000C0D : 20;
00000C0E : DB;
00000C0F : 21;
00000C10 : 0E;
00000C11 : 20;
00000C12 : 0F;
00000C13 : DA;
00000C14 : 79;
00000C15 : EA;
00000C16 : 0E;
00000C17 : 3A;
00000C18 : CD;
00000C19 : 09;
00000C1A : F8;
00000C1B : 3E;
00000C1C : 02;
00000C1D : D3;
00000C1E : 20;
00000C1F : DB;
00000C20 : 21;
00000C21 : CD;
00000C22 : 15;
00000C23 : F8;
00000C24 : E1;
00000C25 : 22;
00000C26 : FC;
00000C27 : FF;
00000C28 : C9;
00000C29 : E5;
00000C2A : F5;
00000C2B : FE;
00000C2C : 52;
00000C2D : CA;
00000C2E : AB;
00000C2F : EA;
00000C30 : FE;
00000C31 : 57;
00000C32 : CA;
00000C33 : 80;
00000C34 : EB;
00000C35 : F1;
00000C36 : E1;
00000C37 : C3;
00000C38 : 09;
00000C39 : EC;
00000C3A : 3E;
00000C3B : 01;
00000C3C : 32;
00000C3D : 47;
00000C3E : EE;
00000C3F : E5;
00000C40 : 21;
00000C41 : 00;
00000C42 : 00;
00000C43 : 22;
00000C44 : 48;
00000C45 : EE;
00000C46 : E3;
00000C47 : C3;
00000C48 : B6;
00000C49 : EA;
00000C4A : AF;
00000C4B : 32;
00000C4C : 47;
00000C4D : EE;
00000C4E : CD;
00000C4F : 84;
00000C50 : FE;
00000C51 : DA;
00000C52 : 96;
00000C53 : EA;
00000C54 : D5;
00000C55 : CD;
00000C56 : EE;
00000C57 : EB;
00000C58 : E1;
00000C59 : 22;
00000C5A : 48;
00000C5B : EE;
00000C5C : CD;
00000C5D : A8;
00000C5E : FD;
00000C5F : DA;
00000C60 : 8C;
00000C61 : E9;
00000C62 : FE;
00000C63 : AD;
00000C64 : C2;
00000C65 : BD;
00000C66 : EA;
00000C67 : 06;
00000C68 : 02;
00000C69 : CD;
00000C6A : 7D;
00000C6B : FC;
00000C6C : DA;
00000C6D : 8C;
00000C6E : E9;
00000C6F : FE;
00000C70 : AD;
00000C71 : C2;
00000C72 : BD;
00000C73 : EA;
00000C74 : 05;
00000C75 : C2;
00000C76 : CA;
00000C77 : EA;
00000C78 : 21;
00000C79 : 61;
00000C7A : EE;
00000C7B : E5;
00000C7C : 06;
00000C7D : 0D;
00000C7E : CD;
00000C7F : 7D;
00000C80 : FC;
00000C81 : DA;
00000C82 : 8C;
00000C83 : E9;
00000C84 : 77;
00000C85 : 23;
00000C86 : 05;
00000C87 : C2;
00000C88 : DF;
00000C89 : EA;
00000C8A : 21;
00000C8B : 4B;
00000C8C : EE;
00000C8D : CD;
00000C8E : 18;
00000C8F : F8;
00000C90 : E1;
00000C91 : E5;
00000C92 : CD;
00000C93 : 18;
00000C94 : F8;
00000C95 : E1;
00000C96 : 11;
00000C97 : C0;
00000C98 : FF;
00000C99 : 1A;
00000C9A : FE;
00000C9B : 3F;
00000C9C : CA;
00000C9D : 09;
00000C9E : EB;
00000C9F : FE;
00000CA0 : 2A;
00000CA1 : CA;
00000CA2 : 0F;
00000CA3 : EB;
00000CA4 : BE;
00000CA5 : C2;
00000CA6 : BD;
00000CA7 : EA;
00000CA8 : 23;
00000CA9 : 13;
00000CAA : B7;
00000CAB : C2;
00000CAC : FA;
00000CAD : EA;
00000CAE : 21;
00000CAF : 54;
00000CB0 : EE;
00000CB1 : CD;
00000CB2 : 18;
00000CB3 : F8;
00000CB4 : 2A;
00000CB5 : 48;
00000CB6 : EE;
00000CB7 : CD;
00000CB8 : 24;
00000CB9 : F8;
00000CBA : E5;
00000CBB : CD;
00000CBC : A8;
00000CBD : FD;
00000CBE : 67;
00000CBF : CD;
00000CC0 : 7D;
00000CC1 : FC;
00000CC2 : 6F;
00000CC3 : 22;
00000CC4 : 45;
00000CC5 : EE;
00000CC6 : E1;
00000CC7 : E5;
00000CC8 : C5;
00000CC9 : 3A;
00000CCA : 47;
00000CCB : EE;
00000CCC : B7;
00000CCD : C2;
00000CCE : 68;
00000CCF : EB;
00000CD0 : CD;
00000CD1 : E1;
00000CD2 : E9;
00000CD3 : 2A;
00000CD4 : EB;
00000CD5 : FF;
00000CD6 : 0E;
00000CD7 : 2F;
00000CD8 : CD;
00000CD9 : 09;
00000CDA : F8;
00000CDB : CD;
00000CDC : E1;
00000CDD : E9;
00000CDE : CD;
00000CDF : D2;
00000CE0 : E9;
00000CE1 : 62;
00000CE2 : 6B;
00000CE3 : CD;
00000CE4 : E1;
00000CE5 : E9;
00000CE6 : CD;
00000CE7 : D2;
00000CE8 : E9;
00000CE9 : 2A;
00000CEA : 45;
00000CEB : EE;
00000CEC : CD;
00000CED : E1;
00000CEE : E9;
00000CEF : CD;
00000CF0 : D2;
00000CF1 : E9;
00000CF2 : E1;
00000CF3 : CD;
00000CF4 : E1;
00000CF5 : E9;
00000CF6 : 0E;
00000CF7 : 2F;
00000CF8 : CD;
00000CF9 : 09;
00000CFA : F8;
00000CFB : E1;
00000CFC : CD;
00000CFD : 2A;
00000CFE : F8;
00000CFF : 60;
00000D00 : 69;
00000D01 : CD;
00000D02 : E1;
00000D03 : E9;
00000D04 : C3;
00000D05 : 2B;
00000D06 : E8;
00000D07 : CD;
00000D08 : 2A;
00000D09 : F8;
00000D0A : 60;
00000D0B : 69;
00000D0C : D1;
00000D0D : CD;
00000D0E : E4;
00000D0F : FD;
00000D10 : C2;
00000D11 : EE;
00000D12 : FE;
00000D13 : CD;
00000D14 : 30;
00000D15 : F8;
00000D16 : F9;
00000D17 : 21;
00000D18 : 2B;
00000D19 : E8;
00000D1A : E5;
00000D1B : 2A;
00000D1C : 45;
00000D1D : EE;
00000D1E : E9;
00000D1F : CD;
00000D20 : 84;
00000D21 : FE;
00000D22 : DA;
00000D23 : 96;
00000D24 : EA;
00000D25 : D5;
00000D26 : CD;
00000D27 : 84;
00000D28 : FE;
00000D29 : DA;
00000D2A : 96;
00000D2B : EA;
00000D2C : D5;
00000D2D : CD;
00000D2E : 84;
00000D2F : FE;
00000D30 : DA;
00000D31 : 96;
00000D32 : EA;
00000D33 : D5;
00000D34 : CD;
00000D35 : EE;
00000D36 : EB;
00000D37 : E1;
00000D38 : 22;
00000D39 : 45;
00000D3A : EE;
00000D3B : D1;
00000D3C : E1;
00000D3D : E5;
00000D3E : D5;
00000D3F : CD;
00000D40 : 2A;
00000D41 : F8;
00000D42 : C5;
00000D43 : CD;
00000D44 : DE;
00000D45 : EB;
00000D46 : CD;
00000D47 : E9;
00000D48 : EB;
00000D49 : 0E;
00000D4A : AD;
00000D4B : CD;
00000D4C : 0C;
00000D4D : F8;
00000D4E : CD;
00000D4F : 0C;
00000D50 : F8;
00000D51 : CD;
00000D52 : 0C;
00000D53 : F8;
00000D54 : 21;
00000D55 : C0;
00000D56 : FF;
00000D57 : 4E;
00000D58 : CD;
00000D59 : 0C;
00000D5A : F8;
00000D5B : 79;
00000D5C : B7;
00000D5D : 23;
00000D5E : C2;
00000D5F : B8;
00000D60 : EB;
00000D61 : C1;
00000D62 : D1;
00000D63 : E1;
00000D64 : CD;
00000D65 : 27;
00000D66 : F8;
00000D67 : 0E;
00000D68 : 00;
00000D69 : CD;
00000D6A : 0C;
00000D6B : F8;
00000D6C : CD;
00000D6D : E9;
00000D6E : EB;
00000D6F : 2A;
00000D70 : 45;
00000D71 : EE;
00000D72 : 4C;
00000D73 : CD;
00000D74 : 0C;
00000D75 : F8;
00000D76 : 4D;
00000D77 : CD;
00000D78 : 0C;
00000D79 : F8;
00000D7A : C3;
00000D7B : 2B;
00000D7C : E8;
00000D7D : 01;
00000D7E : 00;
00000D7F : 00;
00000D80 : CD;
00000D81 : 0C;
00000D82 : F8;
00000D83 : 05;
00000D84 : C2;
00000D85 : E1;
00000D86 : EB;
00000D87 : C9;
00000D88 : 0E;
00000D89 : E6;
00000D8A : C3;
00000D8B : 0C;
00000D8C : F8;
00000D8D : 11;
00000D8E : C0;
00000D8F : FF;
00000D90 : 01;
00000D91 : 08;
00000D92 : 0C;
00000D93 : D5;
00000D94 : 3E;
00000D95 : 20;
00000D96 : 12;
00000D97 : 13;
00000D98 : 0D;
00000D99 : C2;
00000D9A : F7;
00000D9B : EB;
00000D9C : D1;
00000D9D : 7E;
00000D9E : B7;
00000D9F : C8;
00000DA0 : 12;
00000DA1 : 23;
00000DA2 : 13;
00000DA3 : 05;
00000DA4 : C2;
00000DA5 : FE;
00000DA6 : EB;
00000DA7 : C9;
00000DA8 : E5;
00000DA9 : F5;
00000DAA : 7E;
00000DAB : 23;
00000DAC : FE;
00000DAD : 56;
00000DAE : C2;
00000DAF : EE;
00000DB0 : FE;
00000DB1 : F1;
00000DB2 : FE;
00000DB3 : 52;
00000DB4 : CA;
00000DB5 : 11;
00000DB6 : ED;
00000DB7 : FE;
00000DB8 : 57;
00000DB9 : CA;
00000DBA : 20;
00000DBB : EC;
00000DBC : C3;
00000DBD : EE;
00000DBE : FE;
00000DBF : CD;
00000DC0 : 84;
00000DC1 : FE;
00000DC2 : DA;
00000DC3 : EE;
00000DC4 : FE;
00000DC5 : 7A;
00000DC6 : 32;
00000DC7 : 1D;
00000DC8 : EE;
00000DC9 : CD;
00000DCA : 84;
00000DCB : FE;
00000DCC : DA;
00000DCD : EE;
00000DCE : FE;
00000DCF : 7B;
00000DD0 : 32;
00000DD1 : 1E;
00000DD2 : EE;
00000DD3 : CD;
00000DD4 : 84;
00000DD5 : FE;
00000DD6 : DA;
00000DD7 : EE;
00000DD8 : FE;
00000DD9 : 7A;
00000DDA : 32;
00000DDB : 1F;
00000DDC : EE;
00000DDD : 21;
00000DDE : 02;
00000DDF : EE;
00000DE0 : 1E;
00000DE1 : 00;
00000DE2 : 06;
00000DE3 : 1B;
00000DE4 : 7E;
00000DE5 : 83;
00000DE6 : 5F;
00000DE7 : 23;
00000DE8 : 05;
00000DE9 : C2;
00000DEA : 45;
00000DEB : EC;
00000DEC : 46;
00000DED : 23;
00000DEE : 86;
00000DEF : 5F;
00000DF0 : 4E;
00000DF1 : 23;
00000DF2 : 7E;
00000DF3 : 2B;
00000DF4 : 2B;
00000DF5 : 77;
00000DF6 : 83;
00000DF7 : 32;
00000DF8 : 20;
00000DF9 : EE;
00000DFA : 51;
00000DFB : 60;
00000DFC : CD;
00000DFD : 91;
00000DFE : EC;
00000DFF : 32;
00000E00 : 21;
00000E01 : EE;
00000E02 : 26;
00000E03 : 04;
00000E04 : C5;
00000E05 : 01;
00000E06 : 00;
00000E07 : 19;
00000E08 : CD;
00000E09 : E1;
00000E0A : EB;
00000E0B : 01;
00000E0C : 55;
00000E0D : 19;
00000E0E : CD;
00000E0F : E1;
00000E10 : EB;
00000E11 : 25;
00000E12 : C2;
00000E13 : 66;
00000E14 : EC;
00000E15 : C1;
00000E16 : 21;
00000E17 : 02;
00000E18 : EE;
00000E19 : 50;
00000E1A : 1E;
00000E1B : 00;
00000E1C : 06;
00000E1D : 80;
00000E1E : CD;
00000E1F : 9D;
00000E20 : EC;
00000E21 : 1E;
00000E22 : 00;
00000E23 : 06;
00000E24 : 88;
00000E25 : CD;
00000E26 : 9D;
00000E27 : EC;
00000E28 : 14;
00000E29 : 0D;
00000E2A : C2;
00000E2B : 7D;
00000E2C : EC;
00000E2D : C3;
00000E2E : 2B;
00000E2F : E8;
00000E30 : AF;
00000E31 : 6F;
00000E32 : 86;
00000E33 : 2C;
00000E34 : C2;
00000E35 : 93;
00000E36 : EC;
00000E37 : 15;
00000E38 : C2;
00000E39 : 93;
00000E3A : EC;
00000E3B : C9;
00000E3C : C5;
00000E3D : E5;
00000E3E : D5;
00000E3F : C5;
00000E40 : 01;
00000E41 : 00;
00000E42 : 10;
00000E43 : CD;
00000E44 : E1;
00000E45 : EB;
00000E46 : 01;
00000E47 : 55;
00000E48 : 04;
00000E49 : CD;
00000E4A : E1;
00000E4B : EB;
00000E4C : 3E;
00000E4D : E6;
00000E4E : CD;
00000E4F : 0A;
00000E50 : ED;
00000E51 : 01;
00000E52 : 00;
00000E53 : 04;
00000E54 : CD;
00000E55 : E1;
00000E56 : EB;
00000E57 : C1;
00000E58 : 16;
00000E59 : 1D;
00000E5A : 7E;
00000E5B : CD;
00000E5C : 0A;
00000E5D : ED;
00000E5E : 23;
00000E5F : 15;
00000E60 : C2;
00000E61 : BB;
00000E62 : EC;
00000E63 : 79;
00000E64 : CD;
00000E65 : 0A;
00000E66 : ED;
00000E67 : 3A;
00000E68 : 20;
00000E69 : EE;
00000E6A : 81;
00000E6B : CD;
00000E6C : 0A;
00000E6D : ED;
00000E6E : 32;
00000E6F : 22;
00000E70 : EE;
00000E71 : D1;
00000E72 : 26;
00000E73 : 08;
00000E74 : 2E;
00000E75 : 20;
00000E76 : C5;
00000E77 : 01;
00000E78 : 00;
00000E79 : 04;
00000E7A : CD;
00000E7B : E1;
00000E7C : EB;
00000E7D : C1;
00000E7E : 3E;
00000E7F : E6;
00000E80 : CD;
00000E81 : 0A;
00000E82 : ED;
00000E83 : 3A;
00000E84 : 22;
00000E85 : EE;
00000E86 : 80;
00000E87 : 4F;
00000E88 : 78;
00000E89 : CD;
00000E8A : 0A;
00000E8B : ED;
00000E8C : 3A;
00000E8D : 22;
00000E8E : EE;
00000E8F : CD;
00000E90 : 0A;
00000E91 : ED;
00000E92 : 1A;
00000E93 : 1C;
00000E94 : CD;
00000E95 : 0A;
00000E96 : ED;
00000E97 : 81;
00000E98 : 4F;
00000E99 : 2D;
00000E9A : C2;
00000E9B : F3;
00000E9C : EC;
00000E9D : 79;
00000E9E : CD;
00000E9F : 0A;
00000EA0 : ED;
00000EA1 : 04;
00000EA2 : 25;
00000EA3 : C2;
00000EA4 : D5;
00000EA5 : EC;
00000EA6 : E1;
00000EA7 : C1;
00000EA8 : C9;
00000EA9 : C5;
00000EAA : 4F;
00000EAB : CD;
00000EAC : 0C;
00000EAD : F8;
00000EAE : C1;
00000EAF : C9;
00000EB0 : CD;
00000EB1 : 84;
00000EB2 : FE;
00000EB3 : DA;
00000EB4 : EE;
00000EB5 : FE;
00000EB6 : 7A;
00000EB7 : 32;
00000EB8 : 3D;
00000EB9 : EE;
00000EBA : 3E;
00000EBB : FF;
00000EBC : CD;
00000EBD : E1;
00000EBE : ED;
00000EBF : 3A;
00000EC0 : 61;
00000EC1 : EE;
00000EC2 : B7;
00000EC3 : C2;
00000EC4 : 1B;
00000EC5 : ED;
00000EC6 : 6F;
00000EC7 : 3A;
00000EC8 : 80;
00000EC9 : EE;
00000ECA : 32;
00000ECB : 42;
00000ECC : EE;
00000ECD : 5F;
00000ECE : 3A;
00000ECF : 3D;
00000ED0 : EE;
00000ED1 : B7;
00000ED2 : C2;
00000ED3 : 37;
00000ED4 : ED;
00000ED5 : 7B;
00000ED6 : 67;
00000ED7 : 22;
00000ED8 : 3F;
00000ED9 : EE;
00000EDA : 3A;
00000EDB : 81;
00000EDC : EE;
00000EDD : 57;
00000EDE : 3A;
00000EDF : 82;
00000EE0 : EE;
00000EE1 : BA;
00000EE2 : C2;
00000EE3 : 1B;
00000EE4 : ED;
00000EE5 : 32;
00000EE6 : 41;
00000EE7 : EE;
00000EE8 : 3A;
00000EE9 : 83;
00000EEA : EE;
00000EEB : 32;
00000EEC : 3E;
00000EED : EE;
00000EEE : DB;
00000EEF : 03;
00000EF0 : C6;
00000EF1 : E0;
00000EF2 : 94;
00000EF3 : 32;
00000EF4 : 3D;
00000EF5 : EE;
00000EF6 : 6F;
00000EF7 : 26;
00000EF8 : BE;
00000EF9 : 36;
00000EFA : FF;
00000EFB : 2B;
00000EFC : 15;
00000EFD : C2;
00000EFE : 5A;
00000EFF : ED;
00000F00 : 3E;
00000F01 : FE;
00000F02 : CD;
00000F03 : E1;
00000F04 : ED;
00000F05 : 3A;
00000F06 : 61;
00000F07 : EE;
00000F08 : B7;
00000F09 : CA;
00000F0A : 61;
00000F0B : ED;
00000F0C : 3A;
00000F0D : 62;
00000F0E : EE;
00000F0F : 57;
00000F10 : 3A;
00000F11 : 3E;
00000F12 : EE;
00000F13 : 92;
00000F14 : 47;
00000F15 : 2A;
00000F16 : 3F;
00000F17 : EE;
00000F18 : 84;
00000F19 : 67;
00000F1A : 3A;
00000F1B : 61;
00000F1C : EE;
00000F1D : 87;
00000F1E : 87;
00000F1F : 87;
00000F20 : 87;
00000F21 : 87;
00000F22 : 6F;
00000F23 : 11;
00000F24 : 63;
00000F25 : EE;
00000F26 : 1A;
00000F27 : 77;
00000F28 : 23;
00000F29 : 13;
00000F2A : 7B;
00000F2B : FE;
00000F2C : 83;
00000F2D : C2;
00000F2E : 87;
00000F2F : ED;
00000F30 : 60;
00000F31 : 3A;
00000F32 : 3D;
00000F33 : EE;
00000F34 : F5;
00000F35 : 94;
00000F36 : 6F;
00000F37 : 3A;
00000F38 : 61;
00000F39 : EE;
00000F3A : 67;
00000F3B : 24;
00000F3C : 3E;
00000F3D : FE;
00000F3E : 0F;
00000F3F : 25;
00000F40 : C2;
00000F41 : 9F;
00000F42 : ED;
00000F43 : 26;
00000F44 : BE;
00000F45 : A6;
00000F46 : 77;
00000F47 : F1;
00000F48 : 6F;
00000F49 : 3A;
00000F4A : 41;
00000F4B : EE;
00000F4C : 57;
00000F4D : 7E;
00000F4E : B7;
00000F4F : C2;
00000F50 : 61;
00000F51 : ED;
00000F52 : 2B;
00000F53 : 15;
00000F54 : C2;
00000F55 : AE;
00000F56 : ED;
00000F57 : 21;
00000F58 : 8C;
00000F59 : E9;
00000F5A : E5;
00000F5B : 21;
00000F5C : 24;
00000F5D : EE;
00000F5E : CD;
00000F5F : 18;
00000F60 : F8;
00000F61 : 2A;
00000F62 : 3F;
00000F63 : EE;
00000F64 : 7C;
00000F65 : CD;
00000F66 : 15;
00000F67 : F8;
00000F68 : 21;
00000F69 : 39;
00000F6A : EE;
00000F6B : CD;
00000F6C : 18;
00000F6D : F8;
00000F6E : 3A;
00000F6F : 42;
00000F70 : EE;
00000F71 : CD;
00000F72 : 15;
00000F73 : F8;
00000F74 : 21;
00000F75 : 2E;
00000F76 : EE;
00000F77 : CD;
00000F78 : 18;
00000F79 : F8;
00000F7A : 3A;
00000F7B : 41;
00000F7C : EE;
00000F7D : C3;
00000F7E : 15;
00000F7F : F8;
00000F80 : D5;
00000F81 : 21;
00000F82 : 61;
00000F83 : EE;
00000F84 : 01;
00000F85 : 23;
00000F86 : 00;
00000F87 : CD;
00000F88 : 06;
00000F89 : F8;
00000F8A : DA;
00000F8B : B8;
00000F8C : ED;
00000F8D : 77;
00000F8E : 23;
00000F8F : 80;
00000F90 : 47;
00000F91 : 3E;
00000F92 : 08;
00000F93 : 0D;
00000F94 : C2;
00000F95 : E8;
00000F96 : ED;
00000F97 : 2B;
00000F98 : 78;
00000F99 : 96;
00000F9A : 96;
00000F9B : 7E;
00000F9C : C2;
00000F9D : E2;
00000F9E : ED;
00000F9F : D1;
00000FA0 : C9;
00000FA1 : 4E;
00000FA2 : 4F;
00000FA3 : 44;
00000FA4 : 49;
00000FA5 : 53;
00000FA6 : 43;
00000FA7 : 30;
00000FA8 : 30;
00000FA9 : 32;
00000FAA : 35;
00000FAB : 30;
00000FAC : 38;
00000FAD : 39;
00000FAE : 34;
00000FAF : 50;
00000FB0 : 52;
00000FB1 : 4F;
00000FB2 : 47;
00000FB3 : 52;
00000FB4 : 41;
00000FB5 : 4D;
00000FB6 : 20;
00000FB7 : 43;
00000FB8 : 4F;
00000FB9 : 4D;
00000FBA : 00;
00000FBB : 00;
00000FBC : 00;
00000FBD : 02;
00000FBE : 00;
00000FBF : 00;
00000FC0 : 00;
00000FC1 : 00;
00000FC2 : 00;
00000FC3 : 0A;
00000FC4 : 0D;
00000FC5 : 6E;
00000FC6 : E1;
00000FC7 : FE;
00000FC8 : E1;
00000FC9 : EC;
00000FCA : EF;
00000FCB : 20;
00000FCC : 00;
00000FCD : 30;
00000FCE : 30;
00000FCF : 2C;
00000FD0 : 20;
00000FD1 : E4;
00000FD2 : EC;
00000FD3 : E9;
00000FD4 : EE;
00000FD5 : E1;
00000FD6 : 20;
00000FD7 : 00;
00000FD8 : 30;
00000FD9 : 30;
00000FDA : 2F;
00000FDB : 00;
00000FDC : 01;
00000FDD : 01;
00000FDE : 02;
00000FDF : 00;
00000FE0 : 01;
00000FE1 : 01;
00000FE2 : 09;
00000FE3 : 00;
00000FE4 : 36;
00000FE5 : F8;
00000FE6 : 01;
00000FE7 : 00;
00000FE8 : 00;
00000FE9 : 00;
00000FEA : 0A;
00000FEB : 0D;
00000FEC : 66;
00000FED : E1;
00000FEE : EA;
00000FEF : EC;
00000FF0 : 3A;
00000FF1 : 20;
00000FF2 : 00;
00000FF3 : 20;
00000FF4 : 3C;
00000FF5 : 2D;
00000FF6 : 20;
00000FF7 : 7E;
00000FF8 : E9;
00000FF9 : F4;
00000FFA : E1;
00000FFB : E0;
00000FFC : 2E;
00000FFD : 0A;
00000FFE : 0D;
00000FFF : 00;
00001000 : 00;
00001001 : 00;
00001002 : 00;
00001003 : 00;
00001004 : 00;
00001005 : 00;
00001006 : 00;
00001007 : 00;
00001008 : 64;
00001009 : 64;
0000100A : 64;
0000100B : 64;
0000100C : 00;
0000100D : 00;
0000100E : 00;
0000100F : 00;
00001010 : 13;
00001011 : 13;
00001012 : 13;
00001013 : 13;
00001014 : 00;
00001015 : 00;
00001016 : 00;
00001017 : 00;
00001018 : 77;
00001019 : 77;
0000101A : 77;
0000101B : 77;
0000101C : 00;
0000101D : 00;
0000101E : 00;
0000101F : 00;
00001020 : 00;
00001021 : 00;
00001022 : 00;
00001023 : 00;
00001024 : 13;
00001025 : 13;
00001026 : 13;
00001027 : 13;
00001028 : 64;
00001029 : 64;
0000102A : 64;
0000102B : 64;
0000102C : 13;
0000102D : 13;
0000102E : 13;
0000102F : 13;
00001030 : 13;
00001031 : 13;
00001032 : 13;
00001033 : 13;
00001034 : 13;
00001035 : 13;
00001036 : 13;
00001037 : 13;
00001038 : 77;
00001039 : 77;
0000103A : 77;
0000103B : 77;
0000103C : 13;
0000103D : 13;
0000103E : 13;
0000103F : 13;
00001040 : 02;
00001041 : 22;
00001042 : 37;
00001043 : 77;
00001044 : 37;
00001045 : 22;
00001046 : 02;
00001047 : 00;
00001048 : 22;
00001049 : 22;
0000104A : 36;
0000104B : 63;
0000104C : 22;
0000104D : 14;
0000104E : 55;
0000104F : 00;
00001050 : 13;
00001051 : 10;
00001052 : 10;
00001053 : 30;
00001054 : 26;
00001055 : 20;
00001056 : 00;
00001057 : 00;
00001058 : 02;
00001059 : 30;
0000105A : 05;
0000105B : 35;
0000105C : 30;
0000105D : 30;
0000105E : 30;
0000105F : 32;
00001060 : 77;
00001061 : 40;
00001062 : 72;
00001063 : 62;
00001064 : 70;
00001065 : 41;
00001066 : 00;
00001067 : 00;
00001068 : 01;
00001069 : 01;
0000106A : 03;
0000106B : 21;
0000106C : 36;
0000106D : 20;
0000106E : 02;
0000106F : 00;
00001070 : 20;
00001071 : 22;
00001072 : 74;
00001073 : 41;
00001074 : 74;
00001075 : 22;
00001076 : 20;
00001077 : 00;
00001078 : 32;
00001079 : 30;
0000107A : 30;
0000107B : 30;
0000107C : 35;
0000107D : 05;
0000107E : 30;
0000107F : 02;
00001080 : 00;
00001081 : 00;
00001082 : 00;
00001083 : 00;
00001084 : 64;
00001085 : 64;
00001086 : 64;
00001087 : 64;
00001088 : 64;
00001089 : 64;
0000108A : 64;
0000108B : 64;
0000108C : 64;
0000108D : 64;
0000108E : 64;
0000108F : 64;
00001090 : 13;
00001091 : 13;
00001092 : 13;
00001093 : 13;
00001094 : 64;
00001095 : 64;
00001096 : 64;
00001097 : 64;
00001098 : 77;
00001099 : 77;
0000109A : 77;
0000109B : 77;
0000109C : 64;
0000109D : 64;
0000109E : 64;
0000109F : 64;
000010A0 : 00;
000010A1 : 00;
000010A2 : 00;
000010A3 : 00;
000010A4 : 77;
000010A5 : 77;
000010A6 : 77;
000010A7 : 77;
000010A8 : 64;
000010A9 : 64;
000010AA : 64;
000010AB : 64;
000010AC : 77;
000010AD : 77;
000010AE : 77;
000010AF : 77;
000010B0 : 13;
000010B1 : 13;
000010B2 : 13;
000010B3 : 13;
000010B4 : 77;
000010B5 : 77;
000010B6 : 77;
000010B7 : 77;
000010B8 : 77;
000010B9 : 77;
000010BA : 77;
000010BB : 77;
000010BC : 77;
000010BD : 77;
000010BE : 77;
000010BF : 77;
000010C0 : 20;
000010C1 : 22;
000010C2 : 76;
000010C3 : 77;
000010C4 : 76;
000010C5 : 22;
000010C6 : 20;
000010C7 : 00;
000010C8 : 02;
000010C9 : 32;
000010CA : 37;
000010CB : 32;
000010CC : 32;
000010CD : 32;
000010CE : 00;
000010CF : 00;
000010D0 : 32;
000010D1 : 32;
000010D2 : 32;
000010D3 : 37;
000010D4 : 32;
000010D5 : 02;
000010D6 : 00;
000010D7 : 00;
000010D8 : 64;
000010D9 : 40;
000010DA : 55;
000010DB : 42;
000010DC : 74;
000010DD : 01;
000010DE : 12;
000010DF : 00;
000010E0 : 00;
000010E1 : 00;
000010E2 : 77;
000010E3 : 77;
000010E4 : 77;
000010E5 : 77;
000010E6 : 00;
000010E7 : 00;
000010E8 : 02;
000010E9 : 22;
000010EA : 17;
000010EB : 41;
000010EC : 17;
000010ED : 22;
000010EE : 02;
000010EF : 00;
000010F0 : 04;
000010F1 : 20;
000010F2 : 36;
000010F3 : 61;
000010F4 : 41;
000010F5 : 41;
000010F6 : 43;
000010F7 : 34;
000010F8 : 00;
000010F9 : 01;
000010FA : 36;
000010FB : 16;
000010FC : 34;
000010FD : 36;
000010FE : 40;
000010FF : 00;
00001100 : 00;
00001101 : 00;
00001102 : 00;
00001103 : 00;
00001104 : 00;
00001105 : 00;
00001106 : 00;
00001107 : 00;
00001108 : 02;
00001109 : 32;
0000110A : 32;
0000110B : 02;
0000110C : 02;
0000110D : 00;
0000110E : 02;
0000110F : 00;
00001110 : 35;
00001111 : 21;
00001112 : 14;
00001113 : 00;
00001114 : 00;
00001115 : 00;
00001116 : 00;
00001117 : 00;
00001118 : 30;
00001119 : 30;
0000111A : 37;
0000111B : 30;
0000111C : 37;
0000111D : 30;
0000111E : 30;
0000111F : 00;
00001120 : 02;
00001121 : 33;
00001122 : 06;
00001123 : 32;
00001124 : 03;
00001125 : 36;
00001126 : 02;
00001127 : 00;
00001128 : 24;
00001129 : 25;
0000112A : 10;
0000112B : 02;
0000112C : 20;
0000112D : 15;
0000112E : 11;
0000112F : 00;
00001130 : 02;
00001131 : 30;
00001132 : 30;
00001133 : 22;
00001134 : 07;
00001135 : 14;
00001136 : 23;
00001137 : 00;
00001138 : 12;
00001139 : 10;
0000113A : 02;
0000113B : 00;
0000113C : 00;
0000113D : 00;
0000113E : 00;
0000113F : 00;
00001140 : 10;
00001141 : 02;
00001142 : 20;
00001143 : 20;
00001144 : 20;
00001145 : 02;
00001146 : 10;
00001147 : 00;
00001148 : 20;
00001149 : 02;
0000114A : 10;
0000114B : 10;
0000114C : 10;
0000114D : 02;
0000114E : 20;
0000114F : 00;
00001150 : 00;
00001151 : 02;
00001152 : 07;
00001153 : 32;
00001154 : 07;
00001155 : 02;
00001156 : 00;
00001157 : 00;
00001158 : 00;
00001159 : 02;
0000115A : 02;
0000115B : 37;
0000115C : 02;
0000115D : 02;
0000115E : 00;
0000115F : 00;
00001160 : 00;
00001161 : 00;
00001162 : 00;
00001163 : 00;
00001164 : 00;
00001165 : 22;
00001166 : 02;
00001167 : 20;
00001168 : 00;
00001169 : 00;
0000116A : 00;
0000116B : 37;
0000116C : 00;
0000116D : 00;
0000116E : 00;
0000116F : 00;
00001170 : 00;
00001171 : 00;
00001172 : 00;
00001173 : 00;
00001174 : 00;
00001175 : 22;
00001176 : 22;
00001177 : 00;
00001178 : 00;
00001179 : 01;
0000117A : 10;
0000117B : 02;
0000117C : 20;
0000117D : 04;
0000117E : 00;
0000117F : 00;
00001180 : 32;
00001181 : 05;
00001182 : 15;
00001183 : 07;
00001184 : 25;
00001185 : 05;
00001186 : 32;
00001187 : 00;
00001188 : 02;
00001189 : 22;
0000118A : 06;
0000118B : 02;
0000118C : 02;
0000118D : 02;
0000118E : 37;
0000118F : 00;
00001190 : 32;
00001191 : 05;
00001192 : 01;
00001193 : 12;
00001194 : 20;
00001195 : 04;
00001196 : 37;
00001197 : 00;
00001198 : 37;
00001199 : 05;
0000119A : 10;
0000119B : 12;
0000119C : 01;
0000119D : 05;
0000119E : 32;
0000119F : 00;
000011A0 : 10;
000011A1 : 12;
000011A2 : 30;
000011A3 : 14;
000011A4 : 37;
000011A5 : 10;
000011A6 : 10;
000011A7 : 00;
000011A8 : 37;
000011A9 : 04;
000011AA : 36;
000011AB : 01;
000011AC : 01;
000011AD : 05;
000011AE : 32;
000011AF : 00;
000011B0 : 32;
000011B1 : 05;
000011B2 : 04;
000011B3 : 36;
000011B4 : 05;
000011B5 : 05;
000011B6 : 32;
000011B7 : 00;
000011B8 : 37;
000011B9 : 01;
000011BA : 10;
000011BB : 10;
000011BC : 02;
000011BD : 02;
000011BE : 02;
000011BF : 00;
000011C0 : 32;
000011C1 : 05;
000011C2 : 05;
000011C3 : 32;
000011C4 : 05;
000011C5 : 05;
000011C6 : 32;
000011C7 : 00;
000011C8 : 32;
000011C9 : 05;
000011CA : 05;
000011CB : 33;
000011CC : 01;
000011CD : 05;
000011CE : 32;
000011CF : 00;
000011D0 : 00;
000011D1 : 22;
000011D2 : 22;
000011D3 : 00;
000011D4 : 00;
000011D5 : 22;
000011D6 : 22;
000011D7 : 00;
000011D8 : 00;
000011D9 : 22;
000011DA : 22;
000011DB : 00;
000011DC : 00;
000011DD : 22;
000011DE : 02;
000011DF : 20;
000011E0 : 10;
000011E1 : 02;
000011E2 : 20;
000011E3 : 04;
000011E4 : 20;
000011E5 : 02;
000011E6 : 10;
000011E7 : 00;
000011E8 : 00;
000011E9 : 00;
000011EA : 37;
000011EB : 00;
000011EC : 37;
000011ED : 00;
000011EE : 00;
000011EF : 00;
000011F0 : 20;
000011F1 : 02;
000011F2 : 10;
000011F3 : 01;
000011F4 : 10;
000011F5 : 02;
000011F6 : 20;
000011F7 : 00;
000011F8 : 32;
000011F9 : 05;
000011FA : 01;
000011FB : 10;
000011FC : 02;
000011FD : 00;
000011FE : 02;
000011FF : 00;
00001200 : 32;
00001201 : 05;
00001202 : 15;
00001203 : 07;
00001204 : 17;
00001205 : 04;
00001206 : 32;
00001207 : 00;
00001208 : 02;
00001209 : 30;
0000120A : 05;
0000120B : 05;
0000120C : 37;
0000120D : 05;
0000120E : 05;
0000120F : 00;
00001210 : 36;
00001211 : 05;
00001212 : 05;
00001213 : 36;
00001214 : 05;
00001215 : 05;
00001216 : 36;
00001217 : 00;
00001218 : 32;
00001219 : 05;
0000121A : 05;
0000121B : 04;
0000121C : 04;
0000121D : 05;
0000121E : 32;
0000121F : 00;
00001220 : 36;
00001221 : 21;
00001222 : 21;
00001223 : 21;
00001224 : 21;
00001225 : 21;
00001226 : 36;
00001227 : 00;
00001228 : 37;
00001229 : 04;
0000122A : 04;
0000122B : 26;
0000122C : 04;
0000122D : 04;
0000122E : 37;
0000122F : 00;
00001230 : 37;
00001231 : 04;
00001232 : 04;
00001233 : 36;
00001234 : 04;
00001235 : 04;
00001236 : 04;
00001237 : 00;
00001238 : 32;
00001239 : 05;
0000123A : 05;
0000123B : 04;
0000123C : 15;
0000123D : 05;
0000123E : 32;
0000123F : 00;
00001240 : 05;
00001241 : 05;
00001242 : 05;
00001243 : 37;
00001244 : 05;
00001245 : 05;
00001246 : 05;
00001247 : 00;
00001248 : 32;
00001249 : 02;
0000124A : 02;
0000124B : 02;
0000124C : 02;
0000124D : 02;
0000124E : 32;
0000124F : 00;
00001250 : 01;
00001251 : 01;
00001252 : 01;
00001253 : 01;
00001254 : 05;
00001255 : 05;
00001256 : 32;
00001257 : 00;
00001258 : 05;
00001259 : 14;
0000125A : 06;
0000125B : 24;
0000125C : 06;
0000125D : 14;
0000125E : 05;
0000125F : 00;
00001260 : 04;
00001261 : 04;
00001262 : 04;
00001263 : 04;
00001264 : 04;
00001265 : 04;
00001266 : 37;
00001267 : 00;
00001268 : 05;
00001269 : 35;
0000126A : 07;
0000126B : 07;
0000126C : 05;
0000126D : 05;
0000126E : 05;
0000126F : 00;
00001270 : 05;
00001271 : 05;
00001272 : 25;
00001273 : 07;
00001274 : 15;
00001275 : 05;
00001276 : 05;
00001277 : 00;
00001278 : 32;
00001279 : 05;
0000127A : 05;
0000127B : 05;
0000127C : 05;
0000127D : 05;
0000127E : 32;
0000127F : 00;
00001280 : 36;
00001281 : 05;
00001282 : 05;
00001283 : 36;
00001284 : 04;
00001285 : 04;
00001286 : 04;
00001287 : 00;
00001288 : 32;
00001289 : 05;
0000128A : 05;
0000128B : 05;
0000128C : 07;
0000128D : 14;
0000128E : 23;
0000128F : 00;
00001290 : 36;
00001291 : 05;
00001292 : 05;
00001293 : 36;
00001294 : 14;
00001295 : 05;
00001296 : 05;
00001297 : 00;
00001298 : 32;
00001299 : 05;
0000129A : 04;
0000129B : 32;
0000129C : 01;
0000129D : 05;
0000129E : 32;
0000129F : 00;
000012A0 : 37;
000012A1 : 02;
000012A2 : 02;
000012A3 : 02;
000012A4 : 02;
000012A5 : 02;
000012A6 : 02;
000012A7 : 00;
000012A8 : 05;
000012A9 : 05;
000012AA : 05;
000012AB : 05;
000012AC : 05;
000012AD : 05;
000012AE : 32;
000012AF : 00;
000012B0 : 05;
000012B1 : 05;
000012B2 : 05;
000012B3 : 30;
000012B4 : 30;
000012B5 : 02;
000012B6 : 02;
000012B7 : 00;
000012B8 : 05;
000012B9 : 05;
000012BA : 05;
000012BB : 07;
000012BC : 07;
000012BD : 07;
000012BE : 30;
000012BF : 00;
000012C0 : 05;
000012C1 : 05;
000012C2 : 30;
000012C3 : 02;
000012C4 : 30;
000012C5 : 05;
000012C6 : 05;
000012C7 : 00;
000012C8 : 05;
000012C9 : 05;
000012CA : 05;
000012CB : 32;
000012CC : 02;
000012CD : 02;
000012CE : 02;
000012CF : 00;
000012D0 : 37;
000012D1 : 01;
000012D2 : 10;
000012D3 : 02;
000012D4 : 20;
000012D5 : 04;
000012D6 : 37;
000012D7 : 00;
000012D8 : 32;
000012D9 : 20;
000012DA : 20;
000012DB : 20;
000012DC : 20;
000012DD : 20;
000012DE : 32;
000012DF : 00;
000012E0 : 00;
000012E1 : 04;
000012E2 : 20;
000012E3 : 02;
000012E4 : 10;
000012E5 : 01;
000012E6 : 00;
000012E7 : 00;
000012E8 : 32;
000012E9 : 10;
000012EA : 10;
000012EB : 10;
000012EC : 10;
000012ED : 10;
000012EE : 32;
000012EF : 00;
000012F0 : 02;
000012F1 : 30;
000012F2 : 05;
000012F3 : 00;
000012F4 : 00;
000012F5 : 00;
000012F6 : 00;
000012F7 : 00;
000012F8 : 00;
000012F9 : 00;
000012FA : 00;
000012FB : 00;
000012FC : 00;
000012FD : 00;
000012FE : 00;
000012FF : 37;
00001300 : 14;
00001301 : 07;
00001302 : 07;
00001303 : 27;
00001304 : 07;
00001305 : 07;
00001306 : 14;
00001307 : 00;
00001308 : 13;
00001309 : 21;
0000130A : 05;
0000130B : 05;
0000130C : 37;
0000130D : 05;
0000130E : 05;
0000130F : 00;
00001310 : 36;
00001311 : 04;
00001312 : 36;
00001313 : 05;
00001314 : 05;
00001315 : 05;
00001316 : 36;
00001317 : 00;
00001318 : 14;
00001319 : 14;
0000131A : 14;
0000131B : 14;
0000131C : 14;
0000131D : 14;
0000131E : 37;
0000131F : 01;
00001320 : 11;
00001321 : 03;
00001322 : 21;
00001323 : 21;
00001324 : 21;
00001325 : 21;
00001326 : 37;
00001327 : 05;
00001328 : 37;
00001329 : 04;
0000132A : 04;
0000132B : 36;
0000132C : 04;
0000132D : 04;
0000132E : 37;
0000132F : 00;
00001330 : 02;
00001331 : 32;
00001332 : 07;
00001333 : 07;
00001334 : 07;
00001335 : 32;
00001336 : 02;
00001337 : 00;
00001338 : 37;
00001339 : 04;
0000133A : 04;
0000133B : 04;
0000133C : 04;
0000133D : 04;
0000133E : 04;
0000133F : 00;
00001340 : 05;
00001341 : 05;
00001342 : 30;
00001343 : 02;
00001344 : 30;
00001345 : 05;
00001346 : 05;
00001347 : 00;
00001348 : 05;
00001349 : 05;
0000134A : 15;
0000134B : 07;
0000134C : 25;
0000134D : 05;
0000134E : 05;
0000134F : 00;
00001350 : 07;
00001351 : 05;
00001352 : 15;
00001353 : 07;
00001354 : 25;
00001355 : 05;
00001356 : 05;
00001357 : 00;
00001358 : 05;
00001359 : 14;
0000135A : 06;
0000135B : 24;
0000135C : 06;
0000135D : 14;
0000135E : 05;
0000135F : 00;
00001360 : 13;
00001361 : 21;
00001362 : 21;
00001363 : 21;
00001364 : 21;
00001365 : 21;
00001366 : 05;
00001367 : 00;
00001368 : 05;
00001369 : 05;
0000136A : 35;
0000136B : 07;
0000136C : 07;
0000136D : 05;
0000136E : 05;
0000136F : 00;
00001370 : 05;
00001371 : 05;
00001372 : 05;
00001373 : 37;
00001374 : 05;
00001375 : 05;
00001376 : 05;
00001377 : 00;
00001378 : 32;
00001379 : 05;
0000137A : 05;
0000137B : 05;
0000137C : 05;
0000137D : 05;
0000137E : 32;
0000137F : 00;
00001380 : 37;
00001381 : 05;
00001382 : 05;
00001383 : 05;
00001384 : 05;
00001385 : 05;
00001386 : 05;
00001387 : 00;
00001388 : 33;
00001389 : 05;
0000138A : 05;
0000138B : 05;
0000138C : 33;
0000138D : 21;
0000138E : 05;
0000138F : 00;
00001390 : 36;
00001391 : 05;
00001392 : 05;
00001393 : 05;
00001394 : 36;
00001395 : 04;
00001396 : 04;
00001397 : 00;
00001398 : 32;
00001399 : 05;
0000139A : 04;
0000139B : 04;
0000139C : 04;
0000139D : 05;
0000139E : 32;
0000139F : 00;
000013A0 : 37;
000013A1 : 02;
000013A2 : 02;
000013A3 : 02;
000013A4 : 02;
000013A5 : 02;
000013A6 : 02;
000013A7 : 00;
000013A8 : 05;
000013A9 : 05;
000013AA : 05;
000013AB : 33;
000013AC : 01;
000013AD : 05;
000013AE : 32;
000013AF : 00;
000013B0 : 07;
000013B1 : 07;
000013B2 : 32;
000013B3 : 02;
000013B4 : 32;
000013B5 : 07;
000013B6 : 07;
000013B7 : 00;
000013B8 : 36;
000013B9 : 05;
000013BA : 05;
000013BB : 36;
000013BC : 05;
000013BD : 05;
000013BE : 36;
000013BF : 00;
000013C0 : 04;
000013C1 : 04;
000013C2 : 04;
000013C3 : 36;
000013C4 : 05;
000013C5 : 05;
000013C6 : 36;
000013C7 : 00;
000013C8 : 05;
000013C9 : 05;
000013CA : 25;
000013CB : 07;
000013CC : 07;
000013CD : 07;
000013CE : 25;
000013CF : 00;
000013D0 : 32;
000013D1 : 05;
000013D2 : 01;
000013D3 : 12;
000013D4 : 01;
000013D5 : 05;
000013D6 : 32;
000013D7 : 00;
000013D8 : 05;
000013D9 : 05;
000013DA : 07;
000013DB : 07;
000013DC : 07;
000013DD : 07;
000013DE : 37;
000013DF : 00;
000013E0 : 32;
000013E1 : 05;
000013E2 : 03;
000013E3 : 13;
000013E4 : 03;
000013E5 : 05;
000013E6 : 32;
000013E7 : 00;
000013E8 : 05;
000013E9 : 05;
000013EA : 07;
000013EB : 07;
000013EC : 07;
000013ED : 07;
000013EE : 37;
000013EF : 01;
000013F0 : 05;
000013F1 : 05;
000013F2 : 05;
000013F3 : 05;
000013F4 : 33;
000013F5 : 01;
000013F6 : 01;
000013F7 : 00;
000013F8 : 77;
000013F9 : 77;
000013FA : 77;
000013FB : 77;
000013FC : 77;
000013FD : 77;
000013FE : 77;
000013FF : 00;
00001400 : 02;
00001401 : 02;
00001402 : 02;
00001403 : 77;
00001404 : 00;
00001405 : 77;
00001406 : 00;
00001407 : 00;
00001408 : 30;
00001409 : 30;
0000140A : 30;
0000140B : 30;
0000140C : 77;
0000140D : 00;
0000140E : 00;
0000140F : 00;
00001410 : 00;
00001411 : 00;
00001412 : 00;
00001413 : 77;
00001414 : 00;
00001415 : 77;
00001416 : 02;
00001417 : 02;
00001418 : 02;
00001419 : 02;
0000141A : 02;
0000141B : 66;
0000141C : 02;
0000141D : 66;
0000141E : 02;
0000141F : 02;
00001420 : 30;
00001421 : 30;
00001422 : 30;
00001423 : 30;
00001424 : 74;
00001425 : 30;
00001426 : 30;
00001427 : 30;
00001428 : 00;
00001429 : 00;
0000142A : 00;
0000142B : 00;
0000142C : 76;
0000142D : 30;
0000142E : 30;
0000142F : 30;
00001430 : 00;
00001431 : 00;
00001432 : 00;
00001433 : 66;
00001434 : 02;
00001435 : 66;
00001436 : 02;
00001437 : 02;
00001438 : 00;
00001439 : 00;
0000143A : 00;
0000143B : 00;
0000143C : 77;
0000143D : 30;
0000143E : 30;
0000143F : 30;
00001440 : 06;
00001441 : 06;
00001442 : 06;
00001443 : 06;
00001444 : 37;
00001445 : 00;
00001446 : 00;
00001447 : 00;
00001448 : 02;
00001449 : 02;
0000144A : 02;
0000144B : 13;
0000144C : 02;
0000144D : 13;
0000144E : 00;
0000144F : 00;
00001450 : 00;
00001451 : 00;
00001452 : 00;
00001453 : 13;
00001454 : 02;
00001455 : 13;
00001456 : 02;
00001457 : 02;
00001458 : 30;
00001459 : 30;
0000145A : 30;
0000145B : 30;
0000145C : 76;
0000145D : 00;
0000145E : 00;
0000145F : 00;
00001460 : 02;
00001461 : 02;
00001462 : 02;
00001463 : 66;
00001464 : 02;
00001465 : 66;
00001466 : 00;
00001467 : 00;
00001468 : 02;
00001469 : 02;
0000146A : 02;
0000146B : 13;
0000146C : 02;
0000146D : 13;
0000146E : 02;
0000146F : 02;
00001470 : 30;
00001471 : 30;
00001472 : 30;
00001473 : 30;
00001474 : 31;
00001475 : 30;
00001476 : 30;
00001477 : 30;
00001478 : 00;
00001479 : 00;
0000147A : 00;
0000147B : 00;
0000147C : 33;
0000147D : 30;
0000147E : 30;
0000147F : 30;
00001480 : 00;
00001481 : 00;
00001482 : 00;
00001483 : 33;
00001484 : 20;
00001485 : 31;
00001486 : 30;
00001487 : 30;
00001488 : 00;
00001489 : 00;
0000148A : 00;
0000148B : 76;
0000148C : 10;
0000148D : 74;
0000148E : 30;
0000148F : 30;
00001490 : 30;
00001491 : 30;
00001492 : 30;
00001493 : 74;
00001494 : 10;
00001495 : 76;
00001496 : 00;
00001497 : 00;
00001498 : 30;
00001499 : 30;
0000149A : 30;
0000149B : 31;
0000149C : 20;
0000149D : 33;
0000149E : 00;
0000149F : 00;
000014A0 : 00;
000014A1 : 00;
000014A2 : 00;
000014A3 : 77;
000014A4 : 00;
000014A5 : 77;
000014A6 : 00;
000014A7 : 00;
000014A8 : 30;
000014A9 : 30;
000014AA : 30;
000014AB : 30;
000014AC : 30;
000014AD : 30;
000014AE : 30;
000014AF : 30;
000014B0 : 00;
000014B1 : 00;
000014B2 : 00;
000014B3 : 77;
000014B4 : 00;
000014B5 : 75;
000014B6 : 30;
000014B7 : 30;
000014B8 : 30;
000014B9 : 30;
000014BA : 30;
000014BB : 74;
000014BC : 10;
000014BD : 74;
000014BE : 30;
000014BF : 30;
000014C0 : 30;
000014C1 : 30;
000014C2 : 30;
000014C3 : 75;
000014C4 : 00;
000014C5 : 77;
000014C6 : 00;
000014C7 : 00;
000014C8 : 30;
000014C9 : 30;
000014CA : 30;
000014CB : 31;
000014CC : 20;
000014CD : 31;
000014CE : 30;
000014CF : 30;
000014D0 : 30;
000014D1 : 30;
000014D2 : 30;
000014D3 : 75;
000014D4 : 00;
000014D5 : 75;
000014D6 : 30;
000014D7 : 30;
000014D8 : 70;
000014D9 : 07;
000014DA : 70;
000014DB : 07;
000014DC : 70;
000014DD : 07;
000014DE : 70;
000014DF : 07;
000014E0 : 56;
000014E1 : 35;
000014E2 : 56;
000014E3 : 35;
000014E4 : 56;
000014E5 : 35;
000014E6 : 56;
000014E7 : 35;
000014E8 : 55;
000014E9 : 22;
000014EA : 55;
000014EB : 22;
000014EC : 55;
000014ED : 22;
000014EE : 55;
000014EF : 22;
000014F0 : 30;
000014F1 : 30;
000014F2 : 30;
000014F3 : 30;
000014F4 : 75;
000014F5 : 30;
000014F6 : 30;
000014F7 : 30;
000014F8 : 02;
000014F9 : 02;
000014FA : 02;
000014FB : 77;
000014FC : 00;
000014FD : 77;
000014FE : 02;
000014FF : 02;
00001500 : 00;
00001501 : 00;
00001502 : 00;
00001503 : 00;
00001504 : 13;
00001505 : 02;
00001506 : 02;
00001507 : 02;
00001508 : 00;
00001509 : 00;
0000150A : 00;
0000150B : 00;
0000150C : 66;
0000150D : 02;
0000150E : 02;
0000150F : 02;
00001510 : 02;
00001511 : 02;
00001512 : 02;
00001513 : 02;
00001514 : 66;
00001515 : 00;
00001516 : 00;
00001517 : 00;
00001518 : 02;
00001519 : 02;
0000151A : 02;
0000151B : 02;
0000151C : 13;
0000151D : 00;
0000151E : 00;
0000151F : 00;
00001520 : 00;
00001521 : 00;
00001522 : 00;
00001523 : 00;
00001524 : 77;
00001525 : 00;
00001526 : 00;
00001527 : 00;
00001528 : 02;
00001529 : 02;
0000152A : 02;
0000152B : 02;
0000152C : 02;
0000152D : 02;
0000152E : 02;
0000152F : 02;
00001530 : 00;
00001531 : 00;
00001532 : 00;
00001533 : 00;
00001534 : 77;
00001535 : 02;
00001536 : 02;
00001537 : 02;
00001538 : 02;
00001539 : 02;
0000153A : 02;
0000153B : 02;
0000153C : 66;
0000153D : 02;
0000153E : 02;
0000153F : 02;
00001540 : 02;
00001541 : 02;
00001542 : 02;
00001543 : 02;
00001544 : 77;
00001545 : 00;
00001546 : 00;
00001547 : 00;
00001548 : 02;
00001549 : 02;
0000154A : 02;
0000154B : 02;
0000154C : 13;
0000154D : 02;
0000154E : 02;
0000154F : 02;
00001550 : 02;
00001551 : 02;
00001552 : 02;
00001553 : 02;
00001554 : 77;
00001555 : 02;
00001556 : 02;
00001557 : 02;
00001558 : 77;
00001559 : 77;
0000155A : 77;
0000155B : 77;
0000155C : 77;
0000155D : 77;
0000155E : 77;
0000155F : 77;
00001560 : 00;
00001561 : 00;
00001562 : 00;
00001563 : 00;
00001564 : 00;
00001565 : 77;
00001566 : 77;
00001567 : 77;
00001568 : 64;
00001569 : 64;
0000156A : 64;
0000156B : 64;
0000156C : 64;
0000156D : 64;
0000156E : 64;
0000156F : 64;
00001570 : 13;
00001571 : 13;
00001572 : 13;
00001573 : 13;
00001574 : 13;
00001575 : 13;
00001576 : 13;
00001577 : 13;
00001578 : 37;
00001579 : 37;
0000157A : 37;
0000157B : 37;
0000157C : 37;
0000157D : 00;
0000157E : 00;
0000157F : 00;
00001580 : 30;
00001581 : 37;
00001582 : 04;
00001583 : 26;
00001584 : 04;
00001585 : 37;
00001586 : 00;
00001587 : 00;
00001588 : 30;
00001589 : 32;
0000158A : 05;
0000158B : 37;
0000158C : 04;
0000158D : 32;
0000158E : 00;
0000158F : 00;
00001590 : 00;
00001591 : 00;
00001592 : 00;
00001593 : 01;
00001594 : 10;
00001595 : 02;
00001596 : 00;
00001597 : 00;
00001598 : 00;
00001599 : 00;
0000159A : 00;
0000159B : 40;
0000159C : 04;
0000159D : 20;
0000159E : 00;
0000159F : 00;
000015A0 : 20;
000015A1 : 04;
000015A2 : 40;
000015A3 : 00;
000015A4 : 00;
000015A5 : 00;
000015A6 : 00;
000015A7 : 00;
000015A8 : 02;
000015A9 : 10;
000015AA : 01;
000015AB : 00;
000015AC : 00;
000015AD : 00;
000015AE : 00;
000015AF : 00;
000015B0 : 00;
000015B1 : 02;
000015B2 : 10;
000015B3 : 37;
000015B4 : 10;
000015B5 : 02;
000015B6 : 00;
000015B7 : 00;
000015B8 : 00;
000015B9 : 02;
000015BA : 20;
000015BB : 37;
000015BC : 20;
000015BD : 02;
000015BE : 00;
000015BF : 00;
000015C0 : 00;
000015C1 : 02;
000015C2 : 32;
000015C3 : 07;
000015C4 : 02;
000015C5 : 02;
000015C6 : 00;
000015C7 : 00;
000015C8 : 00;
000015C9 : 02;
000015CA : 02;
000015CB : 07;
000015CC : 32;
000015CD : 02;
000015CE : 00;
000015CF : 00;
000015D0 : 00;
000015D1 : 02;
000015D2 : 00;
000015D3 : 37;
000015D4 : 00;
000015D5 : 02;
000015D6 : 00;
000015D7 : 00;
000015D8 : 00;
000015D9 : 02;
000015DA : 37;
000015DB : 02;
000015DC : 00;
000015DD : 37;
000015DE : 00;
000015DF : 00;
000015E0 : 12;
000015E1 : 21;
000015E2 : 10;
000015E3 : 02;
000015E4 : 33;
000015E5 : 00;
000015E6 : 00;
000015E7 : 00;
000015E8 : 00;
000015E9 : 05;
000015EA : 32;
000015EB : 30;
000015EC : 32;
000015ED : 05;
000015EE : 00;
000015EF : 00;
000015F0 : 00;
000015F1 : 36;
000015F2 : 36;
000015F3 : 36;
000015F4 : 36;
000015F5 : 00;
000015F6 : 00;
000015F7 : 00;
000015F8 : 00;
000015F9 : 00;
000015FA : 00;
000015FB : 00;
000015FC : 00;
000015FD : 00;
000015FE : 00;
000015FF : 00;
00001600 : 02;
00001601 : 32;
00001602 : 37;
00001603 : 00;
00001604 : 00;
00001605 : 00;
00001606 : 00;
00001607 : 00;
00001608 : 00;
00001609 : 00;
0000160A : 32;
0000160B : 01;
0000160C : 33;
0000160D : 05;
0000160E : 33;
0000160F : 00;
00001610 : 04;
00001611 : 04;
00001612 : 36;
00001613 : 05;
00001614 : 05;
00001615 : 05;
00001616 : 32;
00001617 : 00;
00001618 : 00;
00001619 : 00;
0000161A : 32;
0000161B : 05;
0000161C : 04;
0000161D : 05;
0000161E : 32;
0000161F : 00;
00001620 : 01;
00001621 : 01;
00001622 : 33;
00001623 : 05;
00001624 : 05;
00001625 : 05;
00001626 : 33;
00001627 : 00;
00001628 : 00;
00001629 : 00;
0000162A : 32;
0000162B : 05;
0000162C : 37;
0000162D : 04;
0000162E : 32;
0000162F : 00;
00001630 : 11;
00001631 : 02;
00001632 : 02;
00001633 : 32;
00001634 : 02;
00001635 : 02;
00001636 : 02;
00001637 : 00;
00001638 : 00;
00001639 : 00;
0000163A : 32;
0000163B : 05;
0000163C : 05;
0000163D : 33;
0000163E : 01;
0000163F : 32;
00001640 : 04;
00001641 : 04;
00001642 : 36;
00001643 : 05;
00001644 : 05;
00001645 : 05;
00001646 : 05;
00001647 : 00;
00001648 : 02;
00001649 : 00;
0000164A : 22;
0000164B : 02;
0000164C : 02;
0000164D : 02;
0000164E : 32;
0000164F : 00;
00001650 : 02;
00001651 : 00;
00001652 : 22;
00001653 : 02;
00001654 : 02;
00001655 : 02;
00001656 : 02;
00001657 : 20;
00001658 : 04;
00001659 : 04;
0000165A : 05;
0000165B : 14;
0000165C : 26;
0000165D : 14;
0000165E : 05;
0000165F : 00;
00001660 : 22;
00001661 : 02;
00001662 : 02;
00001663 : 02;
00001664 : 02;
00001665 : 02;
00001666 : 32;
00001667 : 00;
00001668 : 00;
00001669 : 00;
0000166A : 36;
0000166B : 07;
0000166C : 07;
0000166D : 07;
0000166E : 07;
0000166F : 00;
00001670 : 00;
00001671 : 00;
00001672 : 36;
00001673 : 05;
00001674 : 05;
00001675 : 05;
00001676 : 05;
00001677 : 00;
00001678 : 00;
00001679 : 00;
0000167A : 32;
0000167B : 05;
0000167C : 05;
0000167D : 05;
0000167E : 32;
0000167F : 00;
00001680 : 00;
00001681 : 00;
00001682 : 36;
00001683 : 05;
00001684 : 05;
00001685 : 36;
00001686 : 04;
00001687 : 04;
00001688 : 00;
00001689 : 00;
0000168A : 32;
0000168B : 05;
0000168C : 05;
0000168D : 33;
0000168E : 01;
0000168F : 01;
00001690 : 00;
00001691 : 00;
00001692 : 16;
00001693 : 25;
00001694 : 04;
00001695 : 04;
00001696 : 04;
00001697 : 00;
00001698 : 00;
00001699 : 00;
0000169A : 33;
0000169B : 04;
0000169C : 32;
0000169D : 01;
0000169E : 36;
0000169F : 00;
000016A0 : 02;
000016A1 : 02;
000016A2 : 32;
000016A3 : 02;
000016A4 : 02;
000016A5 : 02;
000016A6 : 11;
000016A7 : 00;
000016A8 : 00;
000016A9 : 00;
000016AA : 05;
000016AB : 05;
000016AC : 05;
000016AD : 15;
000016AE : 23;
000016AF : 00;
000016B0 : 00;
000016B1 : 00;
000016B2 : 05;
000016B3 : 05;
000016B4 : 30;
000016B5 : 30;
000016B6 : 02;
000016B7 : 00;
000016B8 : 00;
000016B9 : 00;
000016BA : 05;
000016BB : 07;
000016BC : 07;
000016BD : 07;
000016BE : 30;
000016BF : 00;
000016C0 : 00;
000016C1 : 00;
000016C2 : 05;
000016C3 : 30;
000016C4 : 02;
000016C5 : 30;
000016C6 : 05;
000016C7 : 00;
000016C8 : 00;
000016C9 : 00;
000016CA : 05;
000016CB : 05;
000016CC : 05;
000016CD : 33;
000016CE : 01;
000016CF : 32;
000016D0 : 00;
000016D1 : 00;
000016D2 : 37;
000016D3 : 10;
000016D4 : 02;
000016D5 : 20;
000016D6 : 37;
000016D7 : 00;
000016D8 : 02;
000016D9 : 20;
000016DA : 20;
000016DB : 04;
000016DC : 20;
000016DD : 20;
000016DE : 02;
000016DF : 00;
000016E0 : 22;
000016E1 : 22;
000016E2 : 22;
000016E3 : 22;
000016E4 : 22;
000016E5 : 22;
000016E6 : 22;
000016E7 : 00;
000016E8 : 02;
000016E9 : 10;
000016EA : 10;
000016EB : 01;
000016EC : 10;
000016ED : 10;
000016EE : 02;
000016EF : 00;
000016F0 : 25;
000016F1 : 52;
000016F2 : 00;
000016F3 : 00;
000016F4 : 00;
000016F5 : 00;
000016F6 : 00;
000016F7 : 00;
000016F8 : 00;
000016F9 : 00;
000016FA : 00;
000016FB : 00;
000016FC : 00;
000016FD : 50;
000016FE : 76;
000016FF : 00;
00001700 : 00;
00001701 : 00;
00001702 : 14;
00001703 : 07;
00001704 : 27;
00001705 : 07;
00001706 : 14;
00001707 : 00;
00001708 : 00;
00001709 : 00;
0000170A : 32;
0000170B : 01;
0000170C : 33;
0000170D : 05;
0000170E : 33;
0000170F : 00;
00001710 : 01;
00001711 : 32;
00001712 : 04;
00001713 : 36;
00001714 : 05;
00001715 : 05;
00001716 : 32;
00001717 : 00;
00001718 : 00;
00001719 : 00;
0000171A : 14;
0000171B : 14;
0000171C : 14;
0000171D : 14;
0000171E : 37;
0000171F : 01;
00001720 : 00;
00001721 : 00;
00001722 : 12;
00001723 : 30;
00001724 : 30;
00001725 : 30;
00001726 : 37;
00001727 : 05;
00001728 : 00;
00001729 : 00;
0000172A : 32;
0000172B : 05;
0000172C : 37;
0000172D : 04;
0000172E : 32;
0000172F : 00;
00001730 : 00;
00001731 : 02;
00001732 : 32;
00001733 : 07;
00001734 : 07;
00001735 : 07;
00001736 : 32;
00001737 : 02;
00001738 : 00;
00001739 : 00;
0000173A : 33;
0000173B : 20;
0000173C : 20;
0000173D : 20;
0000173E : 20;
0000173F : 00;
00001740 : 00;
00001741 : 00;
00001742 : 05;
00001743 : 30;
00001744 : 02;
00001745 : 30;
00001746 : 05;
00001747 : 00;
00001748 : 00;
00001749 : 00;
0000174A : 05;
0000174B : 15;
0000174C : 07;
0000174D : 25;
0000174E : 05;
0000174F : 00;
00001750 : 30;
00001751 : 02;
00001752 : 05;
00001753 : 15;
00001754 : 07;
00001755 : 25;
00001756 : 05;
00001757 : 00;
00001758 : 00;
00001759 : 00;
0000175A : 05;
0000175B : 14;
0000175C : 26;
0000175D : 14;
0000175E : 05;
0000175F : 00;
00001760 : 00;
00001761 : 00;
00001762 : 13;
00001763 : 21;
00001764 : 21;
00001765 : 21;
00001766 : 05;
00001767 : 00;
00001768 : 00;
00001769 : 00;
0000176A : 05;
0000176B : 35;
0000176C : 07;
0000176D : 05;
0000176E : 05;
0000176F : 00;
00001770 : 00;
00001771 : 00;
00001772 : 05;
00001773 : 05;
00001774 : 37;
00001775 : 05;
00001776 : 05;
00001777 : 00;
00001778 : 00;
00001779 : 00;
0000177A : 32;
0000177B : 05;
0000177C : 05;
0000177D : 05;
0000177E : 32;
0000177F : 00;
00001780 : 00;
00001781 : 00;
00001782 : 37;
00001783 : 05;
00001784 : 05;
00001785 : 05;
00001786 : 05;
00001787 : 00;
00001788 : 00;
00001789 : 00;
0000178A : 33;
0000178B : 05;
0000178C : 33;
0000178D : 21;
0000178E : 05;
0000178F : 00;
00001790 : 00;
00001791 : 00;
00001792 : 36;
00001793 : 05;
00001794 : 05;
00001795 : 36;
00001796 : 04;
00001797 : 04;
00001798 : 00;
00001799 : 00;
0000179A : 32;
0000179B : 05;
0000179C : 04;
0000179D : 05;
0000179E : 32;
0000179F : 00;
000017A0 : 00;
000017A1 : 00;
000017A2 : 37;
000017A3 : 02;
000017A4 : 02;
000017A5 : 02;
000017A6 : 02;
000017A7 : 00;
000017A8 : 00;
000017A9 : 00;
000017AA : 05;
000017AB : 05;
000017AC : 30;
000017AD : 02;
000017AE : 20;
000017AF : 04;
000017B0 : 00;
000017B1 : 00;
000017B2 : 07;
000017B3 : 07;
000017B4 : 32;
000017B5 : 07;
000017B6 : 07;
000017B7 : 00;
000017B8 : 00;
000017B9 : 00;
000017BA : 36;
000017BB : 05;
000017BC : 36;
000017BD : 05;
000017BE : 36;
000017BF : 00;
000017C0 : 00;
000017C1 : 00;
000017C2 : 04;
000017C3 : 04;
000017C4 : 36;
000017C5 : 05;
000017C6 : 36;
000017C7 : 00;
000017C8 : 00;
000017C9 : 00;
000017CA : 05;
000017CB : 05;
000017CC : 25;
000017CD : 07;
000017CE : 25;
000017CF : 00;
000017D0 : 00;
000017D1 : 00;
000017D2 : 32;
000017D3 : 05;
000017D4 : 12;
000017D5 : 05;
000017D6 : 32;
000017D7 : 00;
000017D8 : 00;
000017D9 : 00;
000017DA : 05;
000017DB : 07;
000017DC : 07;
000017DD : 07;
000017DE : 37;
000017DF : 00;
000017E0 : 00;
000017E1 : 00;
000017E2 : 32;
000017E3 : 05;
000017E4 : 13;
000017E5 : 05;
000017E6 : 32;
000017E7 : 00;
000017E8 : 00;
000017E9 : 00;
000017EA : 07;
000017EB : 07;
000017EC : 07;
000017ED : 07;
000017EE : 37;
000017EF : 01;
000017F0 : 00;
000017F1 : 00;
000017F2 : 05;
000017F3 : 05;
000017F4 : 33;
000017F5 : 01;
000017F6 : 01;
000017F7 : 00;
000017F8 : 00;
000017F9 : 00;
000017FA : 44;
000017FB : 04;
000017FC : 36;
000017FD : 05;
000017FE : 36;
000017FF : 00;
00001800 : C3;
00001801 : EA;
00001802 : FD;
00001803 : C3;
00001804 : 38;
00001805 : F9;
00001806 : C3;
00001807 : 7F;
00001808 : FC;
00001809 : C3;
0000180A : 29;
0000180B : FA;
0000180C : C3;
0000180D : 5B;
0000180E : FC;
0000180F : C3;
00001810 : 17;
00001811 : FE;
00001812 : C3;
00001813 : F8;
00001814 : FC;
00001815 : C3;
00001816 : CD;
00001817 : FC;
00001818 : C3;
00001819 : ED;
0000181A : FC;
0000181B : C3;
0000181C : 39;
0000181D : F8;
0000181E : C3;
0000181F : A4;
00001820 : FD;
00001821 : C3;
00001822 : 2A;
00001823 : FE;
00001824 : C3;
00001825 : 52;
00001826 : FD;
00001827 : C3;
00001828 : 20;
00001829 : FD;
0000182A : C3;
0000182B : 07;
0000182C : FD;
0000182D : C3;
0000182E : D6;
0000182F : FD;
00001830 : C3;
00001831 : 03;
00001832 : FD;
00001833 : C3;
00001834 : 00;
00001835 : FD;
00001836 : C3;
00001837 : 2B;
00001838 : E8;
00001839 : C5;
0000183A : D5;
0000183B : E5;
0000183C : F3;
0000183D : 3E;
0000183E : 82;
0000183F : 32;
00001840 : B8;
00001841 : FF;
00001842 : CD;
00001843 : 23;
00001844 : F9;
00001845 : FB;
00001846 : 3A;
00001847 : CD;
00001848 : FF;
00001849 : 21;
0000184A : 54;
0000184B : F8;
0000184C : E5;
0000184D : E6;
0000184E : 01;
0000184F : C8;
00001850 : 2A;
00001851 : CE;
00001852 : FF;
00001853 : E9;
00001854 : 3A;
00001855 : B8;
00001856 : FF;
00001857 : FE;
00001858 : 82;
00001859 : CA;
0000185A : 46;
0000185B : F8;
0000185C : CD;
0000185D : 23;
0000185E : F9;
0000185F : 3A;
00001860 : B8;
00001861 : FF;
00001862 : 47;
00001863 : E1;
00001864 : D1;
00001865 : 3A;
00001866 : F4;
00001867 : FF;
00001868 : B7;
00001869 : 78;
0000186A : C1;
0000186B : C8;
0000186C : FE;
0000186D : 40;
0000186E : D8;
0000186F : FE;
00001870 : FE;
00001871 : D0;
00001872 : EE;
00001873 : 20;
00001874 : C9;
00001875 : E5;
00001876 : C5;
00001877 : D5;
00001878 : F5;
00001879 : 21;
0000187A : B0;
0000187B : FF;
0000187C : DB;
0000187D : 03;
0000187E : 57;
0000187F : 3E;
00001880 : 8A;
00001881 : D3;
00001882 : 00;
00001883 : 01;
00001884 : FE;
00001885 : 08;
00001886 : 79;
00001887 : D3;
00001888 : 03;
00001889 : DB;
0000188A : 02;
0000188B : 77;
0000188C : 23;
0000188D : 79;
0000188E : 07;
0000188F : 4F;
00001890 : DA;
00001891 : 87;
00001892 : F8;
00001893 : 3E;
00001894 : 88;
00001895 : D3;
00001896 : 00;
00001897 : 7A;
00001898 : D3;
00001899 : 03;
0000189A : 3A;
0000189B : D1;
0000189C : FF;
0000189D : D3;
0000189E : 02;
0000189F : 3A;
000018A0 : F4;
000018A1 : FF;
000018A2 : E6;
000018A3 : 08;
000018A4 : D3;
000018A5 : 01;
000018A6 : 2B;
000018A7 : 7E;
000018A8 : 34;
000018A9 : CA;
000018AA : FA;
000018AB : F8;
000018AC : 11;
000018AD : FF;
000018AE : 00;
000018AF : 1C;
000018B0 : 0F;
000018B1 : DA;
000018B2 : AF;
000018B3 : F8;
000018B4 : 78;
000018B5 : 3D;
000018B6 : 07;
000018B7 : 07;
000018B8 : 07;
000018B9 : B3;
000018BA : 5F;
000018BB : DB;
000018BC : 01;
000018BD : 2F;
000018BE : E6;
000018BF : 60;
000018C0 : 07;
000018C1 : B3;
000018C2 : 32;
000018C3 : F0;
000018C4 : FF;
000018C5 : 7B;
000018C6 : FE;
000018C7 : 20;
000018C8 : D2;
000018C9 : D3;
000018CA : F8;
000018CB : 21;
000018CC : 39;
000018CD : FF;
000018CE : 19;
000018CF : 7E;
000018D0 : C3;
000018D1 : DB;
000018D2 : F8;
000018D3 : FE;
000018D4 : 3F;
000018D5 : C2;
000018D6 : D9;
000018D7 : F8;
000018D8 : AF;
000018D9 : C6;
000018DA : 20;
000018DB : 47;
000018DC : DB;
000018DD : 01;
000018DE : 07;
000018DF : D2;
000018E0 : 0C;
000018E1 : F9;
000018E2 : 07;
000018E3 : D2;
000018E4 : 02;
000018E5 : F9;
000018E6 : 07;
000018E7 : 78;
000018E8 : DA;
000018E9 : F2;
000018EA : F8;
000018EB : FE;
000018EC : 40;
000018ED : D2;
000018EE : F2;
000018EF : F8;
000018F0 : EE;
000018F1 : 10;
000018F2 : 32;
000018F3 : B8;
000018F4 : FF;
000018F5 : F1;
000018F6 : D1;
000018F7 : C1;
000018F8 : E1;
000018F9 : C9;
000018FA : 05;
000018FB : 2B;
000018FC : C2;
000018FD : A7;
000018FE : F8;
000018FF : C3;
00001900 : DB;
00001901 : F8;
00001902 : 78;
00001903 : B7;
00001904 : FA;
00001905 : F2;
00001906 : F8;
00001907 : E6;
00001908 : 1F;
00001909 : C3;
0000190A : F2;
0000190B : F8;
0000190C : DB;
0000190D : 01;
0000190E : E6;
0000190F : 80;
00001910 : CA;
00001911 : 0C;
00001912 : F9;
00001913 : 3A;
00001914 : F4;
00001915 : FF;
00001916 : 2F;
00001917 : 32;
00001918 : F4;
00001919 : FF;
0000191A : E6;
0000191B : 08;
0000191C : D3;
0000191D : 01;
0000191E : 3E;
0000191F : FE;
00001920 : C3;
00001921 : F2;
00001922 : F8;
00001923 : 06;
00001924 : 03;
00001925 : 21;
00001926 : 35;
00001927 : FF;
00001928 : 11;
00001929 : 38;
0000192A : 00;
0000192B : 1A;
0000192C : 4E;
0000192D : 77;
0000192E : 79;
0000192F : 12;
00001930 : 23;
00001931 : 13;
00001932 : 05;
00001933 : C2;
00001934 : 2B;
00001935 : F9;
00001936 : 34;
00001937 : C9;
00001938 : E5;
00001939 : C5;
0000193A : D5;
0000193B : 06;
0000193C : 01;
0000193D : 3A;
0000193E : D0;
0000193F : FF;
00001940 : 0F;
00001941 : 3E;
00001942 : 06;
00001943 : D2;
00001944 : 49;
00001945 : F9;
00001946 : 3A;
00001947 : DF;
00001948 : FF;
00001949 : 5F;
0000194A : CD;
0000194B : 0B;
0000194C : FA;
0000194D : 7D;
0000194E : D6;
0000194F : 08;
00001950 : 6F;
00001951 : 22;
00001952 : BB;
00001953 : FF;
00001954 : 21;
00001955 : E0;
00001956 : 00;
00001957 : 29;
00001958 : 0D;
00001959 : C2;
0000195A : 57;
0000195B : F9;
0000195C : 22;
0000195D : BE;
0000195E : FF;
0000195F : 0E;
00001960 : 08;
00001961 : CD;
00001962 : 1B;
00001963 : F8;
00001964 : FE;
00001965 : FE;
00001966 : DA;
00001967 : 80;
00001968 : F9;
00001969 : 32;
0000196A : 5A;
0000196B : FF;
0000196C : 0D;
0000196D : C2;
0000196E : 61;
0000196F : F9;
00001970 : CD;
00001971 : F0;
00001972 : F9;
00001973 : 3A;
00001974 : D0;
00001975 : FF;
00001976 : 07;
00001977 : 07;
00001978 : A0;
00001979 : 0F;
0000197A : D2;
0000197B : 5F;
0000197C : F9;
0000197D : C3;
0000197E : 3D;
0000197F : F9;
00001980 : 4F;
00001981 : 78;
00001982 : 0F;
00001983 : D4;
00001984 : F0;
00001985 : F9;
00001986 : 3A;
00001987 : 5A;
00001988 : FF;
00001989 : B9;
0000198A : 3E;
0000198B : 0D;
0000198C : C2;
0000198D : A1;
0000198E : F9;
0000198F : CD;
00001990 : F0;
00001991 : F9;
00001992 : CD;
00001993 : 1B;
00001994 : F8;
00001995 : CD;
00001996 : F0;
00001997 : F9;
00001998 : 21;
00001999 : 59;
0000199A : FF;
0000199B : 35;
0000199C : C2;
0000199D : 5F;
0000199E : F9;
0000199F : 3E;
000019A0 : 01;
000019A1 : 32;
000019A2 : 59;
000019A3 : FF;
000019A4 : 79;
000019A5 : 32;
000019A6 : 5A;
000019A7 : FF;
000019A8 : DB;
000019A9 : 01;
000019AA : E6;
000019AB : 20;
000019AC : 79;
000019AD : 21;
000019AE : DD;
000019AF : FF;
000019B0 : C2;
000019B1 : D4;
000019B2 : F9;
000019B3 : FE;
000019B4 : 19;
000019B5 : CA;
000019B6 : DC;
000019B7 : F9;
000019B8 : FE;
000019B9 : 0B;
000019BA : CA;
000019BB : E9;
000019BC : F9;
000019BD : FE;
000019BE : 40;
000019BF : DA;
000019C0 : CB;
000019C1 : F9;
000019C2 : F6;
000019C3 : 80;
000019C4 : AE;
000019C5 : 57;
000019C6 : F2;
000019C7 : CC;
000019C8 : F9;
000019C9 : 23;
000019CA : A6;
000019CB : 57;
000019CC : CD;
000019CD : 35;
000019CE : FC;
000019CF : 7A;
000019D0 : D1;
000019D1 : C1;
000019D2 : E1;
000019D3 : C9;
000019D4 : FE;
000019D5 : 40;
000019D6 : DA;
000019D7 : CB;
000019D8 : F9;
000019D9 : C3;
000019DA : C4;
000019DB : F9;
000019DC : 23;
000019DD : 7E;
000019DE : EE;
000019DF : 40;
000019E0 : 77;
000019E1 : 3E;
000019E2 : FF;
000019E3 : 32;
000019E4 : 59;
000019E5 : FF;
000019E6 : C3;
000019E7 : 3B;
000019E8 : F9;
000019E9 : 7E;
000019EA : EE;
000019EB : 80;
000019EC : 77;
000019ED : C3;
000019EE : E1;
000019EF : F9;
000019F0 : 2A;
000019F1 : BE;
000019F2 : FF;
000019F3 : EB;
000019F4 : 2A;
000019F5 : BB;
000019F6 : FF;
000019F7 : 7E;
000019F8 : AA;
000019F9 : 77;
000019FA : 24;
000019FB : 7E;
000019FC : AB;
000019FD : 77;
000019FE : 7C;
000019FF : EE;
00001A00 : 60;
00001A01 : 67;
00001A02 : 7E;
00001A03 : AB;
00001A04 : 77;
00001A05 : 25;
00001A06 : 7E;
00001A07 : AA;
00001A08 : 77;
00001A09 : 04;
00001A0A : C9;
00001A0B : 2A;
00001A0C : FC;
00001A0D : FF;
00001A0E : DB;
00001A0F : 03;
00001A10 : 95;
00001A11 : C6;
00001A12 : 08;
00001A13 : 6F;
00001A14 : 7B;
00001A15 : 84;
00001A16 : 67;
00001A17 : 2F;
00001A18 : E6;
00001A19 : 07;
00001A1A : 3C;
00001A1B : 4F;
00001A1C : 7C;
00001A1D : E6;
00001A1E : F8;
00001A1F : 0F;
00001A20 : 0F;
00001A21 : 0F;
00001A22 : C6;
00001A23 : C0;
00001A24 : 67;
00001A25 : 22;
00001A26 : F6;
00001A27 : FF;
00001A28 : C9;
00001A29 : F5;
00001A2A : D5;
00001A2B : E5;
00001A2C : C5;
00001A2D : 3A;
00001A2E : E9;
00001A2F : FF;
00001A30 : B7;
00001A31 : CA;
00001A32 : 75;
00001A33 : FA;
00001A34 : 3D;
00001A35 : 32;
00001A36 : E9;
00001A37 : FF;
00001A38 : CA;
00001A39 : 60;
00001A3A : FA;
00001A3B : 3D;
00001A3C : CA;
00001A3D : 53;
00001A3E : FA;
00001A3F : 79;
00001A40 : FE;
00001A41 : 59;
00001A42 : CA;
00001A43 : 11;
00001A44 : FB;
00001A45 : FE;
00001A46 : 62;
00001A47 : CC;
00001A48 : 26;
00001A49 : FB;
00001A4A : FE;
00001A4B : 61;
00001A4C : CC;
00001A4D : 36;
00001A4E : FB;
00001A4F : AF;
00001A50 : C3;
00001A51 : 6F;
00001A52 : FA;
00001A53 : 79;
00001A54 : D6;
00001A55 : 20;
00001A56 : 87;
00001A57 : 4F;
00001A58 : 87;
00001A59 : 87;
00001A5A : 81;
00001A5B : C6;
00001A5C : 0C;
00001A5D : 32;
00001A5E : FC;
00001A5F : FF;
00001A60 : 79;
00001A61 : D6;
00001A62 : 20;
00001A63 : 4F;
00001A64 : 87;
00001A65 : 81;
00001A66 : 32;
00001A67 : FD;
00001A68 : FF;
00001A69 : C3;
00001A6A : 11;
00001A6B : FB;
00001A6C : C9;
00001A6D : 3E;
00001A6E : 03;
00001A6F : 32;
00001A70 : E9;
00001A71 : FF;
00001A72 : C3;
00001A73 : 11;
00001A74 : FB;
00001A75 : 3A;
00001A76 : D0;
00001A77 : FF;
00001A78 : 0F;
00001A79 : 2A;
00001A7A : DF;
00001A7B : FF;
00001A7C : DA;
00001A7D : 82;
00001A7E : FA;
00001A7F : 21;
00001A80 : 06;
00001A81 : F0;
00001A82 : EB;
00001A83 : 0F;
00001A84 : 0F;
00001A85 : 79;
00001A86 : 32;
00001A87 : F6;
00001A88 : FA;
00001A89 : DA;
00001A8A : C6;
00001A8B : FA;
00001A8C : 2A;
00001A8D : FC;
00001A8E : FF;
00001A8F : FE;
00001A90 : 19;
00001A91 : CA;
00001A92 : 8E;
00001A93 : FB;
00001A94 : FE;
00001A95 : 1A;
00001A96 : CA;
00001A97 : 9A;
00001A98 : FB;
00001A99 : FE;
00001A9A : 18;
00001A9B : CA;
00001A9C : A5;
00001A9D : FB;
00001A9E : FE;
00001A9F : 08;
00001AA0 : CA;
00001AA1 : B8;
00001AA2 : FB;
00001AA3 : FE;
00001AA4 : 0C;
00001AA5 : CA;
00001AA6 : 28;
00001AA7 : FC;
00001AA8 : FE;
00001AA9 : 0A;
00001AAA : CA;
00001AAB : CB;
00001AAC : FB;
00001AAD : FE;
00001AAE : 0D;
00001AAF : CA;
00001AB0 : C2;
00001AB1 : FB;
00001AB2 : FE;
00001AB3 : 1F;
00001AB4 : CA;
00001AB5 : FC;
00001AB6 : FB;
00001AB7 : FE;
00001AB8 : 07;
00001AB9 : CA;
00001ABA : 31;
00001ABB : FC;
00001ABC : FE;
00001ABD : 1B;
00001ABE : CA;
00001ABF : 6D;
00001AC0 : FA;
00001AC1 : FE;
00001AC2 : 09;
00001AC3 : CA;
00001AC4 : 16;
00001AC5 : FB;
00001AC6 : D5;
00001AC7 : 06;
00001AC8 : 00;
00001AC9 : C5;
00001ACA : CD;
00001ACB : 0B;
00001ACC : FA;
00001ACD : 21;
00001ACE : 45;
00001ACF : FB;
00001AD0 : 09;
00001AD1 : 22;
00001AD2 : 44;
00001AD3 : FB;
00001AD4 : 21;
00001AD5 : 23;
00001AD6 : FF;
00001AD7 : 09;
00001AD8 : 09;
00001AD9 : 5E;
00001ADA : 23;
00001ADB : 56;
00001ADC : 2A;
00001ADD : E7;
00001ADE : FF;
00001ADF : C1;
00001AE0 : 09;
00001AE1 : 29;
00001AE2 : 29;
00001AE3 : 29;
00001AE4 : 06;
00001AE5 : 08;
00001AE6 : CD;
00001AE7 : 3C;
00001AE8 : FB;
00001AE9 : 3A;
00001AEA : D0;
00001AEB : FF;
00001AEC : 87;
00001AED : 87;
00001AEE : 87;
00001AEF : FA;
00001AF0 : 05;
00001AF1 : FB;
00001AF2 : DA;
00001AF3 : FE;
00001AF4 : FA;
00001AF5 : 3E;
00001AF6 : 30;
00001AF7 : E6;
00001AF8 : C0;
00001AF9 : FE;
00001AFA : 80;
00001AFB : C2;
00001AFC : 05;
00001AFD : FB;
00001AFE : 2B;
00001AFF : 2B;
00001B00 : 06;
00001B01 : 02;
00001B02 : CD;
00001B03 : 3C;
00001B04 : FB;
00001B05 : D1;
00001B06 : 21;
00001B07 : FD;
00001B08 : FF;
00001B09 : 7E;
00001B0A : C6;
00001B0B : 03;
00001B0C : 77;
00001B0D : BA;
00001B0E : D2;
00001B0F : C6;
00001B10 : FB;
00001B11 : C1;
00001B12 : E1;
00001B13 : D1;
00001B14 : F1;
00001B15 : C9;
00001B16 : 0E;
00001B17 : 20;
00001B18 : CD;
00001B19 : 29;
00001B1A : FA;
00001B1B : 3A;
00001B1C : FD;
00001B1D : FF;
00001B1E : E6;
00001B1F : 07;
00001B20 : C2;
00001B21 : 16;
00001B22 : FB;
00001B23 : C3;
00001B24 : 11;
00001B25 : FB;
00001B26 : 21;
00001B27 : 00;
00001B28 : B6;
00001B29 : 22;
00001B2A : 51;
00001B2B : FB;
00001B2C : 22;
00001B2D : 5A;
00001B2E : FB;
00001B2F : 22;
00001B30 : 6C;
00001B31 : FB;
00001B32 : 22;
00001B33 : 75;
00001B34 : FB;
00001B35 : C9;
00001B36 : 21;
00001B37 : 2F;
00001B38 : A6;
00001B39 : C3;
00001B3A : 29;
00001B3B : FB;
00001B3C : E5;
00001B3D : 2A;
00001B3E : F6;
00001B3F : FF;
00001B40 : E3;
00001B41 : 7E;
00001B42 : 07;
00001B43 : C3;
00001B44 : 48;
00001B45 : FB;
00001B46 : 0F;
00001B47 : 0F;
00001B48 : 0F;
00001B49 : 0F;
00001B4A : 0F;
00001B4B : 0F;
00001B4C : 0F;
00001B4D : 4F;
00001B4E : 23;
00001B4F : E3;
00001B50 : 7A;
00001B51 : 2F;
00001B52 : A6;
00001B53 : 77;
00001B54 : 79;
00001B55 : A2;
00001B56 : AE;
00001B57 : 77;
00001B58 : 7B;
00001B59 : 24;
00001B5A : 2F;
00001B5B : A6;
00001B5C : 77;
00001B5D : 79;
00001B5E : A3;
00001B5F : AE;
00001B60 : 77;
00001B61 : 7C;
00001B62 : EE;
00001B63 : 60;
00001B64 : 67;
00001B65 : 79;
00001B66 : 0F;
00001B67 : 0F;
00001B68 : 0F;
00001B69 : 0F;
00001B6A : 4F;
00001B6B : 7B;
00001B6C : 2F;
00001B6D : A6;
00001B6E : 77;
00001B6F : 79;
00001B70 : A3;
00001B71 : AE;
00001B72 : 77;
00001B73 : 25;
00001B74 : 7A;
00001B75 : 2F;
00001B76 : A6;
00001B77 : 77;
00001B78 : 79;
00001B79 : A2;
00001B7A : AE;
00001B7B : 77;
00001B7C : 7C;
00001B7D : EE;
00001B7E : 60;
00001B7F : 67;
00001B80 : 2D;
00001B81 : 05;
00001B82 : C2;
00001B83 : 40;
00001B84 : FB;
00001B85 : 22;
00001B86 : F6;
00001B87 : FF;
00001B88 : E1;
00001B89 : C9;
00001B8A : 7A;
00001B8B : D6;
00001B8C : 03;
00001B8D : 67;
00001B8E : 7D;
00001B8F : FE;
00001B90 : 0D;
00001B91 : DA;
00001B92 : 11;
00001B93 : FB;
00001B94 : D6;
00001B95 : 0A;
00001B96 : 6F;
00001B97 : C3;
00001B98 : 2B;
00001B99 : FC;
00001B9A : 7D;
00001B9B : FE;
00001B9C : FA;
00001B9D : D2;
00001B9E : 11;
00001B9F : FB;
00001BA0 : C6;
00001BA1 : 0A;
00001BA2 : C3;
00001BA3 : 96;
00001BA4 : FB;
00001BA5 : 7C;
00001BA6 : C6;
00001BA7 : 03;
00001BA8 : BA;
00001BA9 : D2;
00001BAA : B0;
00001BAB : FB;
00001BAC : 67;
00001BAD : C3;
00001BAE : 2B;
00001BAF : FC;
00001BB0 : 26;
00001BB1 : 00;
00001BB2 : 22;
00001BB3 : FC;
00001BB4 : FF;
00001BB5 : C3;
00001BB6 : CB;
00001BB7 : FB;
00001BB8 : 7C;
00001BB9 : B7;
00001BBA : CA;
00001BBB : 8A;
00001BBC : FB;
00001BBD : D6;
00001BBE : 03;
00001BBF : C3;
00001BC0 : AC;
00001BC1 : FB;
00001BC2 : AF;
00001BC3 : C3;
00001BC4 : AC;
00001BC5 : FB;
00001BC6 : 36;
00001BC7 : 00;
00001BC8 : 2A;
00001BC9 : FC;
00001BCA : FF;
00001BCB : 7D;
00001BCC : FE;
00001BCD : F9;
00001BCE : DA;
00001BCF : A0;
00001BD0 : FB;
00001BD1 : 3A;
00001BD2 : D0;
00001BD3 : FF;
00001BD4 : E6;
00001BD5 : 02;
00001BD6 : C2;
00001BD7 : 28;
00001BD8 : FC;
00001BD9 : DB;
00001BDA : 03;
00001BDB : D6;
00001BDC : 0A;
00001BDD : D3;
00001BDE : 03;
00001BDF : 26;
00001BE0 : A0;
00001BE1 : 3C;
00001BE2 : 47;
00001BE3 : 3A;
00001BE4 : FA;
00001BE5 : FF;
00001BE6 : 4F;
00001BE7 : 1E;
00001BE8 : 40;
00001BE9 : 16;
00001BEA : 05;
00001BEB : 68;
00001BEC : 71;
00001BED : 2C;
00001BEE : 71;
00001BEF : 2C;
00001BF0 : 15;
00001BF1 : C2;
00001BF2 : EC;
00001BF3 : FB;
00001BF4 : 24;
00001BF5 : 1D;
00001BF6 : C2;
00001BF7 : E9;
00001BF8 : FB;
00001BF9 : C3;
00001BFA : 11;
00001BFB : FB;
00001BFC : 3E;
00001BFD : FF;
00001BFE : D3;
00001BFF : 03;
00001C00 : 21;
00001C01 : 00;
00001C02 : 00;
00001C03 : 39;
00001C04 : EB;
00001C05 : 31;
00001C06 : 00;
00001C07 : E0;
00001C08 : 2A;
00001C09 : FA;
00001C0A : FF;
00001C0B : 01;
00001C0C : 00;
00001C0D : 02;
00001C0E : E5;
00001C0F : E5;
00001C10 : E5;
00001C11 : E5;
00001C12 : E5;
00001C13 : E5;
00001C14 : E5;
00001C15 : E5;
00001C16 : E5;
00001C17 : E5;
00001C18 : E5;
00001C19 : E5;
00001C1A : E5;
00001C1B : E5;
00001C1C : E5;
00001C1D : E5;
00001C1E : 0D;
00001C1F : C2;
00001C20 : 0E;
00001C21 : FC;
00001C22 : 05;
00001C23 : C2;
00001C24 : 0E;
00001C25 : FC;
00001C26 : EB;
00001C27 : F9;
00001C28 : 21;
00001C29 : 0C;
00001C2A : 00;
00001C2B : 22;
00001C2C : FC;
00001C2D : FF;
00001C2E : C3;
00001C2F : 11;
00001C30 : FB;
00001C31 : 21;
00001C32 : 11;
00001C33 : FB;
00001C34 : E5;
00001C35 : 3A;
00001C36 : D0;
00001C37 : FF;
00001C38 : E6;
00001C39 : 08;
00001C3A : C2;
00001C3B : 4E;
00001C3C : FC;
00001C3D : 01;
00001C3E : 00;
00001C3F : 0A;
00001C40 : 3E;
00001C41 : 26;
00001C42 : D3;
00001C43 : 08;
00001C44 : 3E;
00001C45 : 14;
00001C46 : D3;
00001C47 : 0B;
00001C48 : 0B;
00001C49 : 78;
00001C4A : B1;
00001C4B : C2;
00001C4C : 48;
00001C4D : FC;
00001C4E : 3E;
00001C4F : D0;
00001C50 : D3;
00001C51 : 08;
00001C52 : 3E;
00001C53 : 90;
00001C54 : D3;
00001C55 : 08;
00001C56 : 3E;
00001C57 : 30;
00001C58 : D3;
00001C59 : 08;
00001C5A : C9;
00001C5B : C5;
00001C5C : F5;
00001C5D : 06;
00001C5E : 08;
00001C5F : 79;
00001C60 : 07;
00001C61 : 4F;
00001C62 : 2F;
00001C63 : CD;
00001C64 : 71;
00001C65 : FC;
00001C66 : 79;
00001C67 : CD;
00001C68 : 71;
00001C69 : FC;
00001C6A : 05;
00001C6B : C2;
00001C6C : 5F;
00001C6D : FC;
00001C6E : F1;
00001C6F : C1;
00001C70 : C9;
00001C71 : E6;
00001C72 : 01;
00001C73 : D3;
00001C74 : 00;
00001C75 : 3A;
00001C76 : FE;
00001C77 : FF;
00001C78 : 3D;
00001C79 : C2;
00001C7A : 78;
00001C7B : FC;
00001C7C : C9;
00001C7D : 3E;
00001C7E : 08;
00001C7F : C5;
00001C80 : D5;
00001C81 : 57;
00001C82 : 0E;
00001C83 : 00;
00001C84 : CD;
00001C85 : C4;
00001C86 : FC;
00001C87 : 5F;
00001C88 : DB;
00001C89 : 01;
00001C8A : E6;
00001C8B : 20;
00001C8C : 37;
00001C8D : CA;
00001C8E : AE;
00001C8F : FC;
00001C90 : CD;
00001C91 : C4;
00001C92 : FC;
00001C93 : AB;
00001C94 : CA;
00001C95 : 88;
00001C96 : FC;
00001C97 : 79;
00001C98 : 17;
00001C99 : B3;
00001C9A : 4F;
00001C9B : 3A;
00001C9C : FF;
00001C9D : FF;
00001C9E : CD;
00001C9F : 78;
00001CA0 : FC;
00001CA1 : 7A;
00001CA2 : B7;
00001CA3 : FA;
00001CA4 : B1;
00001CA5 : FC;
00001CA6 : 15;
00001CA7 : C2;
00001CA8 : 84;
00001CA9 : FC;
00001CAA : 3A;
00001CAB : F3;
00001CAC : FF;
00001CAD : A9;
00001CAE : D1;
00001CAF : C1;
00001CB0 : C9;
00001CB1 : 79;
00001CB2 : EE;
00001CB3 : E6;
00001CB4 : CA;
00001CB5 : BC;
00001CB6 : FC;
00001CB7 : FE;
00001CB8 : FF;
00001CB9 : C2;
00001CBA : 84;
00001CBB : FC;
00001CBC : 32;
00001CBD : F3;
00001CBE : FF;
00001CBF : 16;
00001CC0 : 08;
00001CC1 : C3;
00001CC2 : 82;
00001CC3 : FC;
00001CC4 : DB;
00001CC5 : 01;
00001CC6 : 0F;
00001CC7 : 0F;
00001CC8 : 0F;
00001CC9 : 0F;
00001CCA : E6;
00001CCB : 01;
00001CCC : C9;
00001CCD : C5;
00001CCE : F5;
00001CCF : 47;
00001CD0 : 0F;
00001CD1 : 0F;
00001CD2 : 0F;
00001CD3 : 0F;
00001CD4 : CD;
00001CD5 : DE;
00001CD6 : FC;
00001CD7 : 78;
00001CD8 : CD;
00001CD9 : DE;
00001CDA : FC;
00001CDB : F1;
00001CDC : C1;
00001CDD : C9;
00001CDE : E6;
00001CDF : 0F;
00001CE0 : C6;
00001CE1 : 30;
00001CE2 : FE;
00001CE3 : 3A;
00001CE4 : DA;
00001CE5 : E9;
00001CE6 : FC;
00001CE7 : C6;
00001CE8 : 07;
00001CE9 : 4F;
00001CEA : C3;
00001CEB : 09;
00001CEC : F8;
00001CED : 7E;
00001CEE : B7;
00001CEF : C8;
00001CF0 : 4F;
00001CF1 : CD;
00001CF2 : 09;
00001CF3 : F8;
00001CF4 : 23;
00001CF5 : C3;
00001CF6 : ED;
00001CF7 : FC;
00001CF8 : CD;
00001CF9 : 1B;
00001CFA : F8;
00001CFB : 3C;
00001CFC : C8;
00001CFD : 3E;
00001CFE : FF;
00001CFF : C9;
00001D00 : 22;
00001D01 : E1;
00001D02 : FF;
00001D03 : 2A;
00001D04 : E1;
00001D05 : FF;
00001D06 : C9;
00001D07 : 01;
00001D08 : 00;
00001D09 : 00;
00001D0A : E5;
00001D0B : 7E;
00001D0C : 81;
00001D0D : 4F;
00001D0E : F5;
00001D0F : CD;
00001D10 : E4;
00001D11 : FD;
00001D12 : C2;
00001D13 : 18;
00001D14 : FD;
00001D15 : F1;
00001D16 : E1;
00001D17 : C9;
00001D18 : F1;
00001D19 : 7E;
00001D1A : 88;
00001D1B : 47;
00001D1C : 23;
00001D1D : C3;
00001D1E : 0B;
00001D1F : FD;
00001D20 : C5;
00001D21 : 01;
00001D22 : 00;
00001D23 : 00;
00001D24 : CD;
00001D25 : 5B;
00001D26 : FC;
00001D27 : 05;
00001D28 : C2;
00001D29 : 24;
00001D2A : FD;
00001D2B : 0E;
00001D2C : E6;
00001D2D : CD;
00001D2E : 5B;
00001D2F : FC;
00001D30 : CD;
00001D31 : 4A;
00001D32 : FD;
00001D33 : EB;
00001D34 : CD;
00001D35 : 4A;
00001D36 : FD;
00001D37 : EB;
00001D38 : 4E;
00001D39 : CD;
00001D3A : 5B;
00001D3B : FC;
00001D3C : CD;
00001D3D : E4;
00001D3E : FD;
00001D3F : 23;
00001D40 : C2;
00001D41 : 38;
00001D42 : FD;
00001D43 : 21;
00001D44 : E6;
00001D45 : 00;
00001D46 : CD;
00001D47 : 4A;
00001D48 : FD;
00001D49 : E1;
00001D4A : 4C;
00001D4B : CD;
00001D4C : 5B;
00001D4D : FC;
00001D4E : 4D;
00001D4F : C3;
00001D50 : 5B;
00001D51 : FC;
00001D52 : E5;
00001D53 : C1;
00001D54 : 7C;
00001D55 : B5;
00001D56 : C2;
00001D57 : 85;
00001D58 : FD;
00001D59 : CD;
00001D5A : A8;
00001D5B : FD;
00001D5C : 67;
00001D5D : CD;
00001D5E : 7D;
00001D5F : FC;
00001D60 : 6F;
00001D61 : 22;
00001D62 : EB;
00001D63 : FF;
00001D64 : E5;
00001D65 : CD;
00001D66 : 7D;
00001D67 : FC;
00001D68 : 57;
00001D69 : CD;
00001D6A : 7D;
00001D6B : FC;
00001D6C : 5F;
00001D6D : CD;
00001D6E : 7D;
00001D6F : FC;
00001D70 : DA;
00001D71 : 7B;
00001D72 : FD;
00001D73 : 77;
00001D74 : CD;
00001D75 : E4;
00001D76 : FD;
00001D77 : 23;
00001D78 : C2;
00001D79 : 6D;
00001D7A : FD;
00001D7B : CD;
00001D7C : A8;
00001D7D : FD;
00001D7E : 47;
00001D7F : CD;
00001D80 : 7D;
00001D81 : FC;
00001D82 : 4F;
00001D83 : E1;
00001D84 : C9;
00001D85 : CD;
00001D86 : A8;
00001D87 : FD;
00001D88 : 67;
00001D89 : CD;
00001D8A : 7D;
00001D8B : FC;
00001D8C : 6F;
00001D8D : 22;
00001D8E : EB;
00001D8F : FF;
00001D90 : CD;
00001D91 : 7D;
00001D92 : FC;
00001D93 : 57;
00001D94 : CD;
00001D95 : 7D;
00001D96 : FC;
00001D97 : 95;
00001D98 : 6F;
00001D99 : 7A;
00001D9A : 9C;
00001D9B : 67;
00001D9C : 09;
00001D9D : EB;
00001D9E : 60;
00001D9F : 69;
00001DA0 : E5;
00001DA1 : C3;
00001DA2 : 6D;
00001DA3 : FD;
00001DA4 : 2A;
00001DA5 : FC;
00001DA6 : FF;
00001DA7 : C9;
00001DA8 : 3E;
00001DA9 : FF;
00001DAA : C3;
00001DAB : 06;
00001DAC : F8;
00001DAD : CD;
00001DAE : CE;
00001DAF : FE;
00001DB0 : CA;
00001DB1 : F7;
00001DB2 : FE;
00001DB3 : D5;
00001DB4 : CD;
00001DB5 : CE;
00001DB6 : FE;
00001DB7 : D5;
00001DB8 : CD;
00001DB9 : CE;
00001DBA : FE;
00001DBB : C1;
00001DBC : 21;
00001DBD : 36;
00001DBE : F8;
00001DBF : E3;
00001DC0 : 00;
00001DC1 : 3E;
00001DC2 : 82;
00001DC3 : D3;
00001DC4 : 04;
00001DC5 : 7D;
00001DC6 : D3;
00001DC7 : 07;
00001DC8 : 7C;
00001DC9 : D3;
00001DCA : 05;
00001DCB : DB;
00001DCC : 06;
00001DCD : 12;
00001DCE : 23;
00001DCF : 13;
00001DD0 : 0B;
00001DD1 : 78;
00001DD2 : B1;
00001DD3 : C2;
00001DD4 : C5;
00001DD5 : FD;
00001DD6 : F5;
00001DD7 : 3E;
00001DD8 : 81;
00001DD9 : D3;
00001DDA : 04;
00001DDB : 3E;
00001DDC : FF;
00001DDD : D3;
00001DDE : 05;
00001DDF : CD;
00001DE0 : 75;
00001DE1 : F8;
00001DE2 : F1;
00001DE3 : C9;
00001DE4 : 7C;
00001DE5 : BA;
00001DE6 : C0;
00001DE7 : 7D;
00001DE8 : BB;
00001DE9 : C9;
00001DEA : 3A;
00001DEB : 38;
00001DEC : FF;
00001DED : 2A;
00001DEE : E1;
00001DEF : FF;
00001DF0 : F9;
00001DF1 : 0F;
00001DF2 : DC;
00001DF3 : 23;
00001DF4 : F9;
00001DF5 : AF;
00001DF6 : 32;
00001DF7 : CD;
00001DF8 : FF;
00001DF9 : 21;
00001DFA : 6A;
00001DFB : FF;
00001DFC : CD;
00001DFD : 18;
00001DFE : F8;
00001DFF : 21;
00001E00 : 2F;
00001E01 : 4C;
00001E02 : 22;
00001E03 : FE;
00001E04 : FF;
00001E05 : CD;
00001E06 : 2D;
00001E07 : F8;
00001E08 : CD;
00001E09 : 1B;
00001E0A : F8;
00001E0B : 2A;
00001E0C : D8;
00001E0D : FF;
00001E0E : FE;
00001E0F : 0A;
00001E10 : CA;
00001E11 : 16;
00001E12 : FE;
00001E13 : 2A;
00001E14 : E3;
00001E15 : FF;
00001E16 : E9;
00001E17 : F5;
00001E18 : DB;
00001E19 : 05;
00001E1A : E6;
00001E1B : 01;
00001E1C : C2;
00001E1D : 18;
00001E1E : FE;
00001E1F : 79;
00001E20 : D3;
00001E21 : 07;
00001E22 : 3E;
00001E23 : 08;
00001E24 : D3;
00001E25 : 04;
00001E26 : 3C;
00001E27 : D3;
00001E28 : 04;
00001E29 : F1;
00001E2A : C9;
00001E2B : 16;
00001E2C : 00;
00001E2D : CD;
00001E2E : 03;
00001E2F : F8;
00001E30 : FE;
00001E31 : 08;
00001E32 : CA;
00001E33 : 5D;
00001E34 : FE;
00001E35 : FE;
00001E36 : 19;
00001E37 : CA;
00001E38 : 6F;
00001E39 : FE;
00001E3A : FE;
00001E3B : 03;
00001E3C : CA;
00001E3D : 36;
00001E3E : F8;
00001E3F : FE;
00001E40 : 0D;
00001E41 : CA;
00001E42 : 7D;
00001E43 : FE;
00001E44 : FE;
00001E45 : 20;
00001E46 : DA;
00001E47 : 2D;
00001E48 : FE;
00001E49 : FE;
00001E4A : 7F;
00001E4B : CA;
00001E4C : 5D;
00001E4D : FE;
00001E4E : 4F;
00001E4F : 7B;
00001E50 : BA;
00001E51 : CA;
00001E52 : 2D;
00001E53 : FE;
00001E54 : 14;
00001E55 : 71;
00001E56 : 23;
00001E57 : CD;
00001E58 : 09;
00001E59 : F8;
00001E5A : C3;
00001E5B : 2D;
00001E5C : FE;
00001E5D : 7A;
00001E5E : B7;
00001E5F : CA;
00001E60 : 2D;
00001E61 : FE;
00001E62 : E5;
00001E63 : 21;
00001E64 : 21;
00001E65 : FF;
00001E66 : CD;
00001E67 : 18;
00001E68 : F8;
00001E69 : E1;
00001E6A : 15;
00001E6B : 2B;
00001E6C : C3;
00001E6D : 2D;
00001E6E : FE;
00001E6F : 7E;
00001E70 : B7;
00001E71 : CA;
00001E72 : 2D;
00001E73 : FE;
00001E74 : 14;
00001E75 : 4F;
00001E76 : CD;
00001E77 : 09;
00001E78 : F8;
00001E79 : 23;
00001E7A : C3;
00001E7B : 6F;
00001E7C : FE;
00001E7D : 36;
00001E7E : 00;
00001E7F : 23;
00001E80 : 36;
00001E81 : FF;
00001E82 : 2B;
00001E83 : C9;
00001E84 : 11;
00001E85 : 00;
00001E86 : 00;
00001E87 : 4A;
00001E88 : 7E;
00001E89 : 23;
00001E8A : FE;
00001E8B : 2C;
00001E8C : CA;
00001E8D : C1;
00001E8E : FE;
00001E8F : FE;
00001E90 : 0D;
00001E91 : CA;
00001E92 : C1;
00001E93 : FE;
00001E94 : B7;
00001E95 : CA;
00001E96 : C1;
00001E97 : FE;
00001E98 : FE;
00001E99 : FF;
00001E9A : CA;
00001E9B : CA;
00001E9C : FE;
00001E9D : FE;
00001E9E : 2F;
00001E9F : CA;
00001EA0 : C4;
00001EA1 : FE;
00001EA2 : FE;
00001EA3 : 20;
00001EA4 : CA;
00001EA5 : 88;
00001EA6 : FE;
00001EA7 : 0C;
00001EA8 : D6;
00001EA9 : 30;
00001EAA : FE;
00001EAB : 0A;
00001EAC : DA;
00001EAD : B1;
00001EAE : FE;
00001EAF : D6;
00001EB0 : 07;
00001EB1 : FE;
00001EB2 : 10;
00001EB3 : D2;
00001EB4 : CA;
00001EB5 : FE;
00001EB6 : EB;
00001EB7 : 29;
00001EB8 : 29;
00001EB9 : 29;
00001EBA : 29;
00001EBB : B5;
00001EBC : 6F;
00001EBD : EB;
00001EBE : C3;
00001EBF : 88;
00001EC0 : FE;
00001EC1 : 79;
00001EC2 : B7;
00001EC3 : C9;
00001EC4 : 53;
00001EC5 : 5E;
00001EC6 : 23;
00001EC7 : C3;
00001EC8 : 88;
00001EC9 : FE;
00001ECA : 79;
00001ECB : B7;
00001ECC : 37;
00001ECD : C9;
00001ECE : CD;
00001ECF : 84;
00001ED0 : FE;
00001ED1 : DA;
00001ED2 : EE;
00001ED3 : FE;
00001ED4 : C9;
00001ED5 : CD;
00001ED6 : CE;
00001ED7 : FE;
00001ED8 : D5;
00001ED9 : CD;
00001EDA : CE;
00001EDB : FE;
00001EDC : E1;
00001EDD : C9;
00001EDE : CD;
00001EDF : CE;
00001EE0 : FE;
00001EE1 : D5;
00001EE2 : CD;
00001EE3 : CE;
00001EE4 : FE;
00001EE5 : D5;
00001EE6 : CD;
00001EE7 : CE;
00001EE8 : FE;
00001EE9 : D5;
00001EEA : C1;
00001EEB : D1;
00001EEC : E1;
00001EED : C9;
00001EEE : 21;
00001EEF : 5B;
00001EF0 : FF;
00001EF1 : CD;
00001EF2 : 18;
00001EF3 : F8;
00001EF4 : C3;
00001EF5 : 36;
00001EF6 : F8;
00001EF7 : 21;
00001EF8 : 00;
00001EF9 : 80;
00001EFA : 44;
00001EFB : 4D;
00001EFC : 11;
00001EFD : 00;
00001EFE : 00;
00001EFF : D5;
00001F00 : C3;
00001F01 : C1;
00001F02 : FD;
00001F03 : CD;
00001F04 : DE;
00001F05 : FE;
00001F06 : 71;
00001F07 : CD;
00001F08 : E4;
00001F09 : FD;
00001F0A : 23;
00001F0B : C2;
00001F0C : 06;
00001F0D : FF;
00001F0E : C3;
00001F0F : 36;
00001F10 : F8;
00001F11 : CD;
00001F12 : DE;
00001F13 : FE;
00001F14 : 7E;
00001F15 : 02;
00001F16 : CD;
00001F17 : E4;
00001F18 : FD;
00001F19 : 23;
00001F1A : 03;
00001F1B : C2;
00001F1C : 14;
00001F1D : FF;
00001F1E : C3;
00001F1F : 36;
00001F20 : F8;
00001F21 : 08;
00001F22 : 20;
00001F23 : 08;
00001F24 : 00;
00001F25 : C0;
00001F26 : 01;
00001F27 : 80;
00001F28 : 03;
00001F29 : 00;
00001F2A : 07;
00001F2B : 00;
00001F2C : 0E;
00001F2D : 00;
00001F2E : 1C;
00001F2F : 00;
00001F30 : 38;
00001F31 : 00;
00001F32 : 70;
00001F33 : 00;
00001F34 : E0;
00001F35 : C3;
00001F36 : 75;
00001F37 : F8;
00001F38 : FC;
00001F39 : 09;
00001F3A : 0A;
00001F3B : 0D;
00001F3C : 7F;
00001F3D : 08;
00001F3E : 19;
00001F3F : 18;
00001F40 : 1A;
00001F41 : 0C;
00001F42 : 1F;
00001F43 : 1B;
00001F44 : 00;
00001F45 : 01;
00001F46 : 02;
00001F47 : 03;
00001F48 : 04;
00001F49 : 30;
00001F4A : 31;
00001F4B : 32;
00001F4C : 33;
00001F4D : 34;
00001F4E : 35;
00001F4F : 36;
00001F50 : 37;
00001F51 : 38;
00001F52 : 39;
00001F53 : 3A;
00001F54 : 3B;
00001F55 : 2C;
00001F56 : 2D;
00001F57 : 2E;
00001F58 : 2F;
00001F59 : 0D;
00001F5A : 0D;
00001F5B : 0A;
00001F5C : 0D;
00001F5D : 07;
00001F5E : 6F;
00001F5F : FB;
00001F60 : E9;
00001F61 : E2;
00001F62 : EB;
00001F63 : E1;
00001F64 : 2E;
00001F65 : 00;
00001F66 : 0A;
00001F67 : 0D;
00001F68 : 2E;
00001F69 : 00;
00001F6A : 20;
00001F6B : 20;
00001F6C : 07;
00001F6D : 1F;
00001F6E : 53;
00001F6F : D0;
00001F70 : C1;
00001F71 : D3;
00001F72 : C5;
00001F73 : 20;
00001F74 : D3;
00001F75 : D9;
00001F76 : D3;
00001F77 : D4;
00001F78 : C5;
00001F79 : CD;
00001F7A : 20;
00001F7B : 33;
00001F7C : 2E;
00001F7D : 20;
00001F7E : 28;
00001F7F : C3;
00001F80 : 29;
00001F81 : 20;
00001F82 : 43;
00001F83 : CF;
00001F84 : D0;
00001F85 : D9;
00001F86 : D2;
00001F87 : C9;
00001F88 : C7;
00001F89 : C8;
00001F8A : D4;
00001F8B : 20;
00001F8C : 31;
00001F8D : 39;
00001F8E : 39;
00001F8F : 31;
00001F90 : 2D;
00001F91 : 39;
00001F92 : 34;
00001F93 : 20;
00001F94 : C2;
00001F95 : D9;
00001F96 : 20;
00001F97 : 53;
00001F98 : D0;
00001F99 : C1;
00001F9A : D3;
00001F9B : C5;
00001F9C : 20;
00001F9D : C3;
00001F9E : CF;
00001F9F : D2;
00001FA0 : D0;
00001FA1 : 2E;
00001FA2 : 0A;
00001FA3 : 0D;
00001FA4 : 00;
00001FA5 : 4F;
00001FA6 : 4D;
00001FA7 : 53;
00001FA8 : 4B;
00001FA9 : 2C;
00001FAA : 36;
00001FAB : 35;
00001FAC : 35;
00001FAD : 37;
00001FAE : 33;
00001FAF : 30;
00001FB0 : FC;
00001FB1 : 00;
00001FB2 : 00;
00001FB3 : 00;
00001FB4 : 00;
00001FB5 : 00;
00001FB6 : 00;
00001FB7 : 00;
00001FB8 : 0D;
00001FB9 : 00;
00001FBA : 00;
00001FBB : 8F;
00001FBC : C9;
00001FBD : 00;
00001FBE : 00;
00001FBF : E0;
00001FC0 : 41;
00001FC1 : 53;
00001FC2 : 53;
00001FC3 : 4D;
00001FC4 : 20;
00001FC5 : 20;
00001FC6 : 20;
00001FC7 : 20;
00001FC8 : 2E;
00001FC9 : 53;
00001FCA : 41;
00001FCB : 56;
00001FCC : 00;
00001FCD : 01;
00001FCE : 51;
00001FCF : EA;
00001FD0 : 01;
00001FD1 : 11;
00001FD2 : 00;
00001FD3 : 00;
00001FD4 : 00;
00001FD5 : 00;
00001FD6 : 00;
00001FD7 : 00;
00001FD8 : 36;
00001FD9 : F8;
00001FDA : C3;
00001FDB : 2A;
00001FDC : FE;
00001FDD : 00;
00001FDE : FF;
00001FDF : 18;
00001FE0 : C0;
00001FE1 : FF;
00001FE2 : 9F;
00001FE3 : 36;
00001FE4 : F8;
00001FE5 : 1D;
00001FE6 : E8;
00001FE7 : 00;
00001FE8 : 1E;
00001FE9 : 00;
00001FEA : 00;
00001FEB : 03;
00001FEC : 00;
00001FED : C3;
00001FEE : 2A;
00001FEF : FE;
00001FF0 : 02;
00001FF1 : 00;
00001FF2 : 00;
00001FF3 : FF;
00001FF4 : 00;
00001FF5 : 00;
00001FF6 : 97;
00001FF7 : C9;
00001FF8 : 00;
00001FF9 : 03;
00001FFA : 00;
00001FFB : 00;
00001FFC : 70;
00001FFD : 30;
00001FFE : 2F;
00001FFF : 4C;
END;
